Using pre-set license
Built from '2022.3/staging' branch; Version is '2022.3.41f1 (0f988161febf) revision 1022081'; Using compiler version '192829333'; Build Type 'Release'
OS: 'Windows 11  (10.0.26200) 64bit Enterprise' Language: 'en' Physical Memory: 32683 MB
BatchMode: 1, IsHumanControllingUs: 0, StartBugReporterOnCrash: 0, Is64bit: 1, IsPro: 1

COMMAND LINE ARGUMENTS:
N:\UnityEngineFolder\2022.3.41f1\Editor\Unity.exe
-adb2
-batchMode
-noUpm
-name
AssetImportWorker0
-projectPath
N:/ContractWork_KangarooCrew/alphabet_match/AlphabetMatch.v2
-logFile
Logs/AssetImportWorker0.log
-srvPort
54297
Successfully changed project path to: N:/ContractWork_KangarooCrew/alphabet_match/AlphabetMatch.v2
N:/ContractWork_KangarooCrew/alphabet_match/AlphabetMatch.v2
[UnityMemory] Configuration Parameters - Can be set up in boot.config
    "memorysetup-bucket-allocator-granularity=16"
    "memorysetup-bucket-allocator-bucket-count=8"
    "memorysetup-bucket-allocator-block-size=33554432"
    "memorysetup-bucket-allocator-block-count=8"
    "memorysetup-main-allocator-block-size=16777216"
    "memorysetup-thread-allocator-block-size=16777216"
    "memorysetup-gfx-main-allocator-block-size=16777216"
    "memorysetup-gfx-thread-allocator-block-size=16777216"
    "memorysetup-cache-allocator-block-size=4194304"
    "memorysetup-typetree-allocator-block-size=2097152"
    "memorysetup-profiler-bucket-allocator-granularity=16"
    "memorysetup-profiler-bucket-allocator-bucket-count=8"
    "memorysetup-profiler-bucket-allocator-block-size=33554432"
    "memorysetup-profiler-bucket-allocator-block-count=8"
    "memorysetup-profiler-allocator-block-size=16777216"
    "memorysetup-profiler-editor-allocator-block-size=1048576"
    "memorysetup-temp-allocator-size-main=16777216"
    "memorysetup-job-temp-allocator-block-size=2097152"
    "memorysetup-job-temp-allocator-block-size-background=1048576"
    "memorysetup-job-temp-allocator-reduction-small-platforms=262144"
    "memorysetup-allocator-temp-initial-block-size-main=262144"
    "memorysetup-allocator-temp-initial-block-size-worker=262144"
    "memorysetup-temp-allocator-size-background-worker=32768"
    "memorysetup-temp-allocator-size-job-worker=262144"
    "memorysetup-temp-allocator-size-preload-manager=33554432"
    "memorysetup-temp-allocator-size-nav-mesh-worker=65536"
    "memorysetup-temp-allocator-size-audio-worker=65536"
    "memorysetup-temp-allocator-size-cloud-worker=32768"
    "memorysetup-temp-allocator-size-gi-baking-worker=262144"
    "memorysetup-temp-allocator-size-gfx=262144"
Player connection [27120]  Target information:

Player connection [27120]  * "[IP] 192.168.1.166 [Port] 0 [Flags] 2 [Guid] 3037863282 [EditorId] 3037863282 [Version] 1048832 [Id] WindowsEditor(7,DESKTOP-SVL8OV7) [Debug] 1 [PackageName] WindowsEditor [ProjectName] Editor" 

Player connection [27120] Host joined multi-casting on [225.0.0.222:54997]...
Player connection [27120] Host joined alternative multi-casting on [225.0.0.222:34997]...
[PhysX] Initialized MultithreadedTaskDispatcher with 16 workers.
Refreshing native plugins compatible for Editor in 4.09 ms, found 2 plugins.
Preloading 0 native plugins for Editor in 0.00 ms.
Initialize engine version: 2022.3.41f1 (0f988161febf)
[Subsystems] Discovering subsystems at path N:/UnityEngineFolder/2022.3.41f1/Editor/Data/Resources/UnitySubsystems
[Subsystems] Discovering subsystems at path N:/ContractWork_KangarooCrew/alphabet_match/AlphabetMatch.v2/Assets
GfxDevice: creating device client; threaded=0; jobified=0
Direct3D:
    Version:  Direct3D 11.0 [level 11.1]
    Renderer: NVIDIA GeForce RTX 3070 (ID=0x2484)
    Vendor:   NVIDIA
    VRAM:     8018 MB
    Driver:   32.0.15.9174
Initialize mono
Mono path[0] = 'N:/UnityEngineFolder/2022.3.41f1/Editor/Data/Managed'
Mono path[1] = 'N:/UnityEngineFolder/2022.3.41f1/Editor/Data/MonoBleedingEdge/lib/mono/unityjit-win32'
Mono config path = 'N:/UnityEngineFolder/2022.3.41f1/Editor/Data/MonoBleedingEdge/etc'
Using monoOptions --debugger-agent=transport=dt_socket,embedding=1,server=y,suspend=n,address=127.0.0.1:56752
Begin MonoManager ReloadAssembly
Registering precompiled unity dll's ...
Register platform support module: N:/UnityEngineFolder/2022.3.41f1/Editor/Data/PlaybackEngines/WebGLSupport/UnityEditor.WebGL.Extensions.dll
Register platform support module: N:/UnityEngineFolder/2022.3.41f1/Editor/Data/PlaybackEngines/AndroidPlayer/UnityEditor.Android.Extensions.dll
Register platform support module: N:/UnityEngineFolder/2022.3.41f1/Editor/Data/PlaybackEngines/iOSSupport/UnityEditor.iOS.Extensions.dll
Register platform support module: N:/UnityEngineFolder/2022.3.41f1/Editor/Data/PlaybackEngines/WindowsStandaloneSupport/UnityEditor.WindowsStandalone.Extensions.dll
Register platform support module: N:/UnityEngineFolder/2022.3.41f1/Editor/Data/PlaybackEngines/MetroSupport/UnityEditor.UWP.Extensions.dll
Registered in 0.005424 seconds.
- Loaded All Assemblies, in  0.310 seconds
Native extension for UWP target not found
Native extension for WindowsStandalone target not found
[usbmuxd] Start listen thread
[usbmuxd] Listen thread started
[usbmuxd] Send listen message
Native extension for iOS target not found
Native extension for Android target not found
Android Extension - Scanning For ADB Devices 219 ms
Native extension for WebGL target not found
Mono: successfully reloaded assembly
- Finished resetting the current domain, in  0.559 seconds
Domain Reload Profiling: 869ms
	BeginReloadAssembly (73ms)
		ExecutionOrderSort (0ms)
		DisableScriptedObjects (0ms)
		BackupInstance (0ms)
		ReleaseScriptingObjects (0ms)
		CreateAndSetChildDomain (1ms)
	RebuildCommonClasses (24ms)
	RebuildNativeTypeToScriptingClass (8ms)
	initialDomainReloadingComplete (39ms)
	LoadAllAssembliesAndSetupDomain (167ms)
		LoadAssemblies (73ms)
		RebuildTransferFunctionScriptingTraits (0ms)
		AnalyzeDomain (164ms)
			TypeCache.Refresh (163ms)
				TypeCache.ScanAssembly (150ms)
			ScanForSourceGeneratedMonoScriptInfo (0ms)
			ResolveRequiredComponents (1ms)
	FinalizeReload (559ms)
		ReleaseScriptCaches (0ms)
		RebuildScriptCaches (0ms)
		SetupLoadedEditorAssemblies (512ms)
			LogAssemblyErrors (0ms)
			InitializePlatformSupportModulesInManaged (347ms)
			SetLoadedEditorAssemblies (4ms)
			RefreshPlugins (0ms)
			BeforeProcessingInitializeOnLoad (2ms)
			ProcessInitializeOnLoadAttributes (115ms)
			ProcessInitializeOnLoadMethodAttributes (45ms)
			AfterProcessingInitializeOnLoad (0ms)
			EditorAssembliesLoaded (0ms)
		ExecutionOrderSort2 (0ms)
		AwakeInstancesAfterBackupRestoration (0ms)
========================================================================
Worker process is ready to serve import requests
Caller must complete domain reload
Begin MonoManager ReloadAssembly
- Loaded All Assemblies, in  0.433 seconds
Native extension for UWP target not found
Native extension for WindowsStandalone target not found
Native extension for iOS target not found
Native extension for Android target not found
Native extension for WebGL target not found
Package Manager log level set to [2]
[Package Manager] Server::EnsureServerProcessIsRunning -- launch failed, reason: Unity was launched with the -noUpm command-line argument
[Package Manager] UpmClient::Send -- Unable to send message (not connected to UPM process).
[Package Manager] Cannot connect to Unity Package Manager local server
Mono: successfully reloaded assembly
- Finished resetting the current domain, in  0.576 seconds
Domain Reload Profiling: 1008ms
	BeginReloadAssembly (126ms)
		ExecutionOrderSort (0ms)
		DisableScriptedObjects (6ms)
		BackupInstance (0ms)
		ReleaseScriptingObjects (0ms)
		CreateAndSetChildDomain (24ms)
	RebuildCommonClasses (34ms)
	RebuildNativeTypeToScriptingClass (10ms)
	initialDomainReloadingComplete (40ms)
	LoadAllAssembliesAndSetupDomain (223ms)
		LoadAssemblies (190ms)
		RebuildTransferFunctionScriptingTraits (0ms)
		AnalyzeDomain (97ms)
			TypeCache.Refresh (85ms)
				TypeCache.ScanAssembly (70ms)
			ScanForSourceGeneratedMonoScriptInfo (7ms)
			ResolveRequiredComponents (4ms)
	FinalizeReload (576ms)
		ReleaseScriptCaches (0ms)
		RebuildScriptCaches (0ms)
		SetupLoadedEditorAssemblies (416ms)
			LogAssemblyErrors (0ms)
			InitializePlatformSupportModulesInManaged (31ms)
			SetLoadedEditorAssemblies (3ms)
			RefreshPlugins (0ms)
			BeforeProcessingInitializeOnLoad (39ms)
			ProcessInitializeOnLoadAttributes (278ms)
			ProcessInitializeOnLoadMethodAttributes (63ms)
			AfterProcessingInitializeOnLoad (3ms)
			EditorAssembliesLoaded (0ms)
		ExecutionOrderSort2 (0ms)
		AwakeInstancesAfterBackupRestoration (7ms)
Launched and connected shader compiler UnityShaderCompiler.exe after 0.04 seconds
Refreshing native plugins compatible for Editor in 2.52 ms, found 2 plugins.
Preloading 0 native plugins for Editor in 0.00 ms.
Unloading 1581 Unused Serialized files (Serialized files now loaded: 0)
Unloading 14 unused Assets / (43.8 KB). Loaded Objects now: 2060.
Memory consumption went from 94.6 MB to 94.6 MB.
Total: 2.704600 ms (FindLiveObjects: 0.191800 ms CreateObjectMapping: 0.052800 ms MarkObjects: 2.372900 ms  DeleteObjects: 0.085900 ms)

AssetImportParameters requested are different than current active one (requested -> active):
  custom:video-decoder-webm-vp8: 9c59270c3fd7afecdb556c50c9e8de78 -> 
  custom:SearchIndexIgnoredProperties: e643bd26f0fe6173181afceb89e7c659 -> 
  custom:container-demuxer-ogg: 62fdf1f143b41e24485cea50d1cbac27 -> 
  custom:AudioImporter_EditorPlatform: d09bf68614088b80899f8185d706f6e7 -> 
  custom:video-codec-MediaFoundation-h265: e54d7ab0439102e2317fc1e4b246158d -> 
  custom:video-decoder-ogg-theora: a1e56fd34408186e4bbccfd4996cb3dc -> 
  custom:framework-win-MediaFoundation: 216162199b28c13a410421893ffa2e32 -> 
  custom:video-encoder-webm-vp8: eb34c28f22e8b96e1ab97ce403110664 -> 
  custom:audio-decoder-ogg-vorbis: bf7c407c2cedff20999df2af8eb42d56 -> 
  custom:CustomObjectIndexerAttribute: 9a22284fe3817be447336de3de66b15e -> 
  custom:container-demuxer-webm: 4f35f7cbe854078d1ac9338744f61a02 -> 
  custom:audio-encoder-webm-vorbis: bf7c407c2cedff20999df2af8eb42d56 -> 
  custom:container-muxer-webm: aa71ff27fc2769a1b78a27578f13a17b -> 
========================================================================
Received Import Request.
  Time since last request: 696143.537497 seconds.
  path: Assets/AlphabetMatch/Scripts/Stars.cs
  artifactKey: Guid(3d8f558ac94e4234280914590f75fc79) Importer(815301076,1909f56bfc062723c751e8b465ee728b)
Start importing Assets/AlphabetMatch/Scripts/Stars.cs using Guid(3d8f558ac94e4234280914590f75fc79) Importer(815301076,1909f56bfc062723c751e8b465ee728b) [PhysX] Initialized MultithreadedTaskDispatcher with 16 workers.
 -> (artifact id: 'bc85b750c6ddae42369f61387fcf8774') in 0.002904 seconds
Number of updated asset objects reloaded before import = 0
Number of asset objects unloaded after import = 0
========================================================================
Received Prepare
Caller must complete domain reload
Begin MonoManager ReloadAssembly
- Loaded All Assemblies, in  0.262 seconds
Native extension for UWP target not found
Native extension for WindowsStandalone target not found
Native extension for iOS target not found
Native extension for Android target not found
Native extension for WebGL target not found
[Package Manager] Server::EnsureServerProcessIsRunning -- launch failed, reason: Unity was launched with the -noUpm command-line argument
[Package Manager] UpmClient::Send -- Unable to send message (not connected to UPM process).
[Package Manager] Cannot connect to Unity Package Manager local server
Mono: successfully reloaded assembly
- Finished resetting the current domain, in  0.589 seconds
Domain Reload Profiling: 851ms
	BeginReloadAssembly (107ms)
		ExecutionOrderSort (0ms)
		DisableScriptedObjects (4ms)
		BackupInstance (0ms)
		ReleaseScriptingObjects (0ms)
		CreateAndSetChildDomain (23ms)
	RebuildCommonClasses (24ms)
	RebuildNativeTypeToScriptingClass (8ms)
	initialDomainReloadingComplete (20ms)
	LoadAllAssembliesAndSetupDomain (103ms)
		LoadAssemblies (147ms)
		RebuildTransferFunctionScriptingTraits (0ms)
		AnalyzeDomain (14ms)
			TypeCache.Refresh (6ms)
				TypeCache.ScanAssembly (1ms)
			ScanForSourceGeneratedMonoScriptInfo (5ms)
			ResolveRequiredComponents (2ms)
	FinalizeReload (590ms)
		ReleaseScriptCaches (0ms)
		RebuildScriptCaches (0ms)
		SetupLoadedEditorAssemblies (290ms)
			LogAssemblyErrors (0ms)
			InitializePlatformSupportModulesInManaged (25ms)
			SetLoadedEditorAssemblies (2ms)
			RefreshPlugins (0ms)
			BeforeProcessingInitializeOnLoad (30ms)
			ProcessInitializeOnLoadAttributes (191ms)
			ProcessInitializeOnLoadMethodAttributes (40ms)
			AfterProcessingInitializeOnLoad (2ms)
			EditorAssembliesLoaded (0ms)
		ExecutionOrderSort2 (0ms)
		AwakeInstancesAfterBackupRestoration (5ms)
Refreshing native plugins compatible for Editor in 1.52 ms, found 2 plugins.
Preloading 0 native plugins for Editor in 0.00 ms.
Unloading 1577 Unused Serialized files (Serialized files now loaded: 0)
Unloading 9 unused Assets / (25.9 KB). Loaded Objects now: 2315.
Memory consumption went from 154.5 MB to 154.5 MB.
Total: 2.241800 ms (FindLiveObjects: 0.103100 ms CreateObjectMapping: 0.042000 ms MarkObjects: 2.072300 ms  DeleteObjects: 0.023700 ms)

Prepare: number of updated asset objects reloaded= 0
AssetImportParameters requested are different than current active one (requested -> active):
  custom:video-decoder-webm-vp8: 9c59270c3fd7afecdb556c50c9e8de78 -> 
  custom:SearchIndexIgnoredProperties: e643bd26f0fe6173181afceb89e7c659 -> 
  custom:container-demuxer-ogg: 62fdf1f143b41e24485cea50d1cbac27 -> 
  custom:AudioImporter_EditorPlatform: d09bf68614088b80899f8185d706f6e7 -> 
  custom:video-codec-MediaFoundation-h265: e54d7ab0439102e2317fc1e4b246158d -> 
  custom:video-decoder-ogg-theora: a1e56fd34408186e4bbccfd4996cb3dc -> 
  custom:framework-win-MediaFoundation: 216162199b28c13a410421893ffa2e32 -> 
  custom:video-encoder-webm-vp8: eb34c28f22e8b96e1ab97ce403110664 -> 
  custom:audio-decoder-ogg-vorbis: bf7c407c2cedff20999df2af8eb42d56 -> 
  custom:CustomObjectIndexerAttribute: 9a22284fe3817be447336de3de66b15e -> 
  custom:container-demuxer-webm: 4f35f7cbe854078d1ac9338744f61a02 -> 
  custom:audio-encoder-webm-vorbis: bf7c407c2cedff20999df2af8eb42d56 -> 
  custom:container-muxer-webm: aa71ff27fc2769a1b78a27578f13a17b -> 
========================================================================
Received Prepare
Caller must complete domain reload
Begin MonoManager ReloadAssembly
- Loaded All Assemblies, in  0.250 seconds
Native extension for UWP target not found
Native extension for WindowsStandalone target not found
Native extension for iOS target not found
Native extension for Android target not found
Native extension for WebGL target not found
[Package Manager] Server::EnsureServerProcessIsRunning -- launch failed, reason: Unity was launched with the -noUpm command-line argument
[Package Manager] UpmClient::Send -- Unable to send message (not connected to UPM process).
[Package Manager] Cannot connect to Unity Package Manager local server
Mono: successfully reloaded assembly
- Finished resetting the current domain, in  0.579 seconds
Domain Reload Profiling: 829ms
	BeginReloadAssembly (105ms)
		ExecutionOrderSort (0ms)
		DisableScriptedObjects (4ms)
		BackupInstance (0ms)
		ReleaseScriptingObjects (0ms)
		CreateAndSetChildDomain (21ms)
	RebuildCommonClasses (26ms)
	RebuildNativeTypeToScriptingClass (8ms)
	initialDomainReloadingComplete (16ms)
	LoadAllAssembliesAndSetupDomain (94ms)
		LoadAssemblies (144ms)
		RebuildTransferFunctionScriptingTraits (0ms)
		AnalyzeDomain (7ms)
			TypeCache.Refresh (3ms)
				TypeCache.ScanAssembly (0ms)
			ScanForSourceGeneratedMonoScriptInfo (0ms)
			ResolveRequiredComponents (3ms)
	FinalizeReload (579ms)
		ReleaseScriptCaches (0ms)
		RebuildScriptCaches (0ms)
		SetupLoadedEditorAssemblies (319ms)
			LogAssemblyErrors (0ms)
			InitializePlatformSupportModulesInManaged (30ms)
			SetLoadedEditorAssemblies (2ms)
			RefreshPlugins (0ms)
			BeforeProcessingInitializeOnLoad (35ms)
			ProcessInitializeOnLoadAttributes (207ms)
			ProcessInitializeOnLoadMethodAttributes (42ms)
			AfterProcessingInitializeOnLoad (2ms)
			EditorAssembliesLoaded (0ms)
		ExecutionOrderSort2 (0ms)
		AwakeInstancesAfterBackupRestoration (6ms)
Refreshing native plugins compatible for Editor in 2.13 ms, found 2 plugins.
Preloading 0 native plugins for Editor in 0.00 ms.
Unloading 1560 Unused Serialized files (Serialized files now loaded: 0)
Unloading 9 unused Assets / (25.9 KB). Loaded Objects now: 2320.
Memory consumption went from 160.5 MB to 160.5 MB.
Total: 2.822100 ms (FindLiveObjects: 0.181700 ms CreateObjectMapping: 0.075300 ms MarkObjects: 2.531900 ms  DeleteObjects: 0.032500 ms)

Prepare: number of updated asset objects reloaded= 0
AssetImportParameters requested are different than current active one (requested -> active):
  custom:video-decoder-webm-vp8: 9c59270c3fd7afecdb556c50c9e8de78 -> 
  custom:SearchIndexIgnoredProperties: e643bd26f0fe6173181afceb89e7c659 -> 
  custom:container-demuxer-ogg: 62fdf1f143b41e24485cea50d1cbac27 -> 
  custom:AudioImporter_EditorPlatform: d09bf68614088b80899f8185d706f6e7 -> 
  custom:video-codec-MediaFoundation-h265: e54d7ab0439102e2317fc1e4b246158d -> 
  custom:video-decoder-ogg-theora: a1e56fd34408186e4bbccfd4996cb3dc -> 
  custom:framework-win-MediaFoundation: 216162199b28c13a410421893ffa2e32 -> 
  custom:video-encoder-webm-vp8: eb34c28f22e8b96e1ab97ce403110664 -> 
  custom:audio-decoder-ogg-vorbis: bf7c407c2cedff20999df2af8eb42d56 -> 
  custom:CustomObjectIndexerAttribute: 9a22284fe3817be447336de3de66b15e -> 
  custom:container-demuxer-webm: 4f35f7cbe854078d1ac9338744f61a02 -> 
  custom:audio-encoder-webm-vorbis: bf7c407c2cedff20999df2af8eb42d56 -> 
  custom:container-muxer-webm: aa71ff27fc2769a1b78a27578f13a17b -> 
========================================================================
Received Prepare
Caller must complete domain reload
Begin MonoManager ReloadAssembly
- Loaded All Assemblies, in  0.262 seconds
Native extension for UWP target not found
Native extension for WindowsStandalone target not found
Native extension for iOS target not found
Native extension for Android target not found
Native extension for WebGL target not found
[Package Manager] Server::EnsureServerProcessIsRunning -- launch failed, reason: Unity was launched with the -noUpm command-line argument
[Package Manager] UpmClient::Send -- Unable to send message (not connected to UPM process).
[Package Manager] Cannot connect to Unity Package Manager local server
Mono: successfully reloaded assembly
- Finished resetting the current domain, in  0.546 seconds
Domain Reload Profiling: 808ms
	BeginReloadAssembly (111ms)
		ExecutionOrderSort (0ms)
		DisableScriptedObjects (4ms)
		BackupInstance (0ms)
		ReleaseScriptingObjects (0ms)
		CreateAndSetChildDomain (22ms)
	RebuildCommonClasses (24ms)
	RebuildNativeTypeToScriptingClass (7ms)
	initialDomainReloadingComplete (17ms)
	LoadAllAssembliesAndSetupDomain (101ms)
		LoadAssemblies (151ms)
		RebuildTransferFunctionScriptingTraits (0ms)
		AnalyzeDomain (14ms)
			TypeCache.Refresh (6ms)
				TypeCache.ScanAssembly (1ms)
			ScanForSourceGeneratedMonoScriptInfo (5ms)
			ResolveRequiredComponents (2ms)
	FinalizeReload (547ms)
		ReleaseScriptCaches (0ms)
		RebuildScriptCaches (0ms)
		SetupLoadedEditorAssemblies (295ms)
			LogAssemblyErrors (0ms)
			InitializePlatformSupportModulesInManaged (25ms)
			SetLoadedEditorAssemblies (2ms)
			RefreshPlugins (0ms)
			BeforeProcessingInitializeOnLoad (31ms)
			ProcessInitializeOnLoadAttributes (198ms)
			ProcessInitializeOnLoadMethodAttributes (38ms)
			AfterProcessingInitializeOnLoad (2ms)
			EditorAssembliesLoaded (0ms)
		ExecutionOrderSort2 (0ms)
		AwakeInstancesAfterBackupRestoration (6ms)
Refreshing native plugins compatible for Editor in 1.83 ms, found 2 plugins.
Preloading 0 native plugins for Editor in 0.00 ms.
Unloading 1559 Unused Serialized files (Serialized files now loaded: 0)
Unloading 9 unused Assets / (26.0 KB). Loaded Objects now: 2323.
Memory consumption went from 160.3 MB to 160.3 MB.
Total: 2.437200 ms (FindLiveObjects: 0.116700 ms CreateObjectMapping: 0.042000 ms MarkObjects: 2.243500 ms  DeleteObjects: 0.033800 ms)

Prepare: number of updated asset objects reloaded= 0
AssetImportParameters requested are different than current active one (requested -> active):
  custom:video-decoder-webm-vp8: 9c59270c3fd7afecdb556c50c9e8de78 -> 
  custom:SearchIndexIgnoredProperties: e643bd26f0fe6173181afceb89e7c659 -> 
  custom:container-demuxer-ogg: 62fdf1f143b41e24485cea50d1cbac27 -> 
  custom:AudioImporter_EditorPlatform: d09bf68614088b80899f8185d706f6e7 -> 
  custom:video-codec-MediaFoundation-h265: e54d7ab0439102e2317fc1e4b246158d -> 
  custom:video-decoder-ogg-theora: a1e56fd34408186e4bbccfd4996cb3dc -> 
  custom:framework-win-MediaFoundation: 216162199b28c13a410421893ffa2e32 -> 
  custom:video-encoder-webm-vp8: eb34c28f22e8b96e1ab97ce403110664 -> 
  custom:audio-decoder-ogg-vorbis: bf7c407c2cedff20999df2af8eb42d56 -> 
  custom:CustomObjectIndexerAttribute: 9a22284fe3817be447336de3de66b15e -> 
  custom:container-demuxer-webm: 4f35f7cbe854078d1ac9338744f61a02 -> 
  custom:audio-encoder-webm-vorbis: bf7c407c2cedff20999df2af8eb42d56 -> 
  custom:container-muxer-webm: aa71ff27fc2769a1b78a27578f13a17b -> 
========================================================================
Received Import Request.
  Time since last request: 590.801083 seconds.
  path: Assets/AlphabetMatch/Scripts/Stars.cs
  artifactKey: Guid(3d8f558ac94e4234280914590f75fc79) Importer(815301076,1909f56bfc062723c751e8b465ee728b)
Start importing Assets/AlphabetMatch/Scripts/Stars.cs using Guid(3d8f558ac94e4234280914590f75fc79) Importer(815301076,1909f56bfc062723c751e8b465ee728b) [PhysX] Initialized MultithreadedTaskDispatcher with 16 workers.
 -> (artifact id: 'b83ca1f8521f7bf9f0b1f817674d193e') in 0.004528 seconds
Number of updated asset objects reloaded before import = 0
Number of asset objects unloaded after import = 0
========================================================================
Received Prepare
Caller must complete domain reload
Begin MonoManager ReloadAssembly
- Loaded All Assemblies, in  0.254 seconds
Native extension for UWP target not found
Native extension for WindowsStandalone target not found
Native extension for iOS target not found
Native extension for Android target not found
Native extension for WebGL target not found
[Package Manager] Server::EnsureServerProcessIsRunning -- launch failed, reason: Unity was launched with the -noUpm command-line argument
[Package Manager] UpmClient::Send -- Unable to send message (not connected to UPM process).
[Package Manager] Cannot connect to Unity Package Manager local server
Mono: successfully reloaded assembly
- Finished resetting the current domain, in  0.562 seconds
Domain Reload Profiling: 817ms
	BeginReloadAssembly (108ms)
		ExecutionOrderSort (0ms)
		DisableScriptedObjects (5ms)
		BackupInstance (0ms)
		ReleaseScriptingObjects (0ms)
		CreateAndSetChildDomain (23ms)
	RebuildCommonClasses (24ms)
	RebuildNativeTypeToScriptingClass (7ms)
	initialDomainReloadingComplete (17ms)
	LoadAllAssembliesAndSetupDomain (98ms)
		LoadAssemblies (147ms)
		RebuildTransferFunctionScriptingTraits (0ms)
		AnalyzeDomain (9ms)
			TypeCache.Refresh (4ms)
				TypeCache.ScanAssembly (0ms)
			ScanForSourceGeneratedMonoScriptInfo (0ms)
			ResolveRequiredComponents (4ms)
	FinalizeReload (562ms)
		ReleaseScriptCaches (0ms)
		RebuildScriptCaches (0ms)
		SetupLoadedEditorAssemblies (314ms)
			LogAssemblyErrors (0ms)
			InitializePlatformSupportModulesInManaged (26ms)
			SetLoadedEditorAssemblies (2ms)
			RefreshPlugins (0ms)
			BeforeProcessingInitializeOnLoad (34ms)
			ProcessInitializeOnLoadAttributes (207ms)
			ProcessInitializeOnLoadMethodAttributes (43ms)
			AfterProcessingInitializeOnLoad (2ms)
			EditorAssembliesLoaded (0ms)
		ExecutionOrderSort2 (0ms)
		AwakeInstancesAfterBackupRestoration (6ms)
Refreshing native plugins compatible for Editor in 2.10 ms, found 2 plugins.
Preloading 0 native plugins for Editor in 0.00 ms.
Unloading 1558 Unused Serialized files (Serialized files now loaded: 0)
Unloading 9 unused Assets / (25.9 KB). Loaded Objects now: 2326.
Memory consumption went from 160.1 MB to 160.0 MB.
Total: 2.414500 ms (FindLiveObjects: 0.109800 ms CreateObjectMapping: 0.041600 ms MarkObjects: 2.233300 ms  DeleteObjects: 0.029200 ms)

Prepare: number of updated asset objects reloaded= 0
AssetImportParameters requested are different than current active one (requested -> active):
  custom:video-decoder-webm-vp8: 9c59270c3fd7afecdb556c50c9e8de78 -> 
  custom:SearchIndexIgnoredProperties: e643bd26f0fe6173181afceb89e7c659 -> 
  custom:container-demuxer-ogg: 62fdf1f143b41e24485cea50d1cbac27 -> 
  custom:AudioImporter_EditorPlatform: d09bf68614088b80899f8185d706f6e7 -> 
  custom:video-codec-MediaFoundation-h265: e54d7ab0439102e2317fc1e4b246158d -> 
  custom:video-decoder-ogg-theora: a1e56fd34408186e4bbccfd4996cb3dc -> 
  custom:framework-win-MediaFoundation: 216162199b28c13a410421893ffa2e32 -> 
  custom:video-encoder-webm-vp8: eb34c28f22e8b96e1ab97ce403110664 -> 
  custom:audio-decoder-ogg-vorbis: bf7c407c2cedff20999df2af8eb42d56 -> 
  custom:CustomObjectIndexerAttribute: 9a22284fe3817be447336de3de66b15e -> 
  custom:container-demuxer-webm: 4f35f7cbe854078d1ac9338744f61a02 -> 
  custom:audio-encoder-webm-vorbis: bf7c407c2cedff20999df2af8eb42d56 -> 
  custom:container-muxer-webm: aa71ff27fc2769a1b78a27578f13a17b -> 
========================================================================
Received Prepare
Caller must complete domain reload
Begin MonoManager ReloadAssembly
- Loaded All Assemblies, in  0.344 seconds
Native extension for UWP target not found
Native extension for WindowsStandalone target not found
Native extension for iOS target not found
Native extension for Android target not found
Native extension for WebGL target not found
[Package Manager] Server::EnsureServerProcessIsRunning -- launch failed, reason: Unity was launched with the -noUpm command-line argument
[Package Manager] UpmClient::Send -- Unable to send message (not connected to UPM process).
[Package Manager] Cannot connect to Unity Package Manager local server
Mono: successfully reloaded assembly
- Finished resetting the current domain, in  0.712 seconds
Domain Reload Profiling: 1056ms
	BeginReloadAssembly (131ms)
		ExecutionOrderSort (0ms)
		DisableScriptedObjects (6ms)
		BackupInstance (0ms)
		ReleaseScriptingObjects (0ms)
		CreateAndSetChildDomain (28ms)
	RebuildCommonClasses (32ms)
	RebuildNativeTypeToScriptingClass (13ms)
	initialDomainReloadingComplete (25ms)
	LoadAllAssembliesAndSetupDomain (141ms)
		LoadAssemblies (192ms)
		RebuildTransferFunctionScriptingTraits (0ms)
		AnalyzeDomain (20ms)
			TypeCache.Refresh (7ms)
				TypeCache.ScanAssembly (1ms)
			ScanForSourceGeneratedMonoScriptInfo (7ms)
			ResolveRequiredComponents (4ms)
	FinalizeReload (713ms)
		ReleaseScriptCaches (0ms)
		RebuildScriptCaches (0ms)
		SetupLoadedEditorAssemblies (407ms)
			LogAssemblyErrors (0ms)
			InitializePlatformSupportModulesInManaged (34ms)
			SetLoadedEditorAssemblies (3ms)
			RefreshPlugins (0ms)
			BeforeProcessingInitializeOnLoad (41ms)
			ProcessInitializeOnLoadAttributes (268ms)
			ProcessInitializeOnLoadMethodAttributes (58ms)
			AfterProcessingInitializeOnLoad (3ms)
			EditorAssembliesLoaded (0ms)
		ExecutionOrderSort2 (0ms)
		AwakeInstancesAfterBackupRestoration (9ms)
Refreshing native plugins compatible for Editor in 1.87 ms, found 2 plugins.
Preloading 0 native plugins for Editor in 0.00 ms.
Unloading 1559 Unused Serialized files (Serialized files now loaded: 0)
Unloading 9 unused Assets / (25.9 KB). Loaded Objects now: 2329.
Memory consumption went from 160.3 MB to 160.3 MB.
Total: 2.375300 ms (FindLiveObjects: 0.119100 ms CreateObjectMapping: 0.034100 ms MarkObjects: 2.189300 ms  DeleteObjects: 0.032200 ms)

Prepare: number of updated asset objects reloaded= 0
AssetImportParameters requested are different than current active one (requested -> active):
  custom:video-decoder-webm-vp8: 9c59270c3fd7afecdb556c50c9e8de78 -> 
  custom:SearchIndexIgnoredProperties: e643bd26f0fe6173181afceb89e7c659 -> 
  custom:container-demuxer-ogg: 62fdf1f143b41e24485cea50d1cbac27 -> 
  custom:AudioImporter_EditorPlatform: d09bf68614088b80899f8185d706f6e7 -> 
  custom:video-codec-MediaFoundation-h265: e54d7ab0439102e2317fc1e4b246158d -> 
  custom:video-decoder-ogg-theora: a1e56fd34408186e4bbccfd4996cb3dc -> 
  custom:framework-win-MediaFoundation: 216162199b28c13a410421893ffa2e32 -> 
  custom:video-encoder-webm-vp8: eb34c28f22e8b96e1ab97ce403110664 -> 
  custom:audio-decoder-ogg-vorbis: bf7c407c2cedff20999df2af8eb42d56 -> 
  custom:CustomObjectIndexerAttribute: 9a22284fe3817be447336de3de66b15e -> 
  custom:container-demuxer-webm: 4f35f7cbe854078d1ac9338744f61a02 -> 
  custom:audio-encoder-webm-vorbis: bf7c407c2cedff20999df2af8eb42d56 -> 
  custom:container-muxer-webm: aa71ff27fc2769a1b78a27578f13a17b -> 
========================================================================
Received Prepare
Caller must complete domain reload
Begin MonoManager ReloadAssembly
- Loaded All Assemblies, in  0.251 seconds
Native extension for UWP target not found
Native extension for WindowsStandalone target not found
Native extension for iOS target not found
Native extension for Android target not found
Native extension for WebGL target not found
[Package Manager] Server::EnsureServerProcessIsRunning -- launch failed, reason: Unity was launched with the -noUpm command-line argument
[Package Manager] UpmClient::Send -- Unable to send message (not connected to UPM process).
[Package Manager] Cannot connect to Unity Package Manager local server
Mono: successfully reloaded assembly
- Finished resetting the current domain, in  0.565 seconds
Domain Reload Profiling: 816ms
	BeginReloadAssembly (105ms)
		ExecutionOrderSort (0ms)
		DisableScriptedObjects (4ms)
		BackupInstance (0ms)
		ReleaseScriptingObjects (0ms)
		CreateAndSetChildDomain (21ms)
	RebuildCommonClasses (24ms)
	RebuildNativeTypeToScriptingClass (7ms)
	initialDomainReloadingComplete (17ms)
	LoadAllAssembliesAndSetupDomain (98ms)
		LoadAssemblies (148ms)
		RebuildTransferFunctionScriptingTraits (0ms)
		AnalyzeDomain (8ms)
			TypeCache.Refresh (4ms)
				TypeCache.ScanAssembly (0ms)
			ScanForSourceGeneratedMonoScriptInfo (0ms)
			ResolveRequiredComponents (3ms)
	FinalizeReload (565ms)
		ReleaseScriptCaches (0ms)
		RebuildScriptCaches (0ms)
		SetupLoadedEditorAssemblies (313ms)
			LogAssemblyErrors (0ms)
			InitializePlatformSupportModulesInManaged (29ms)
			SetLoadedEditorAssemblies (2ms)
			RefreshPlugins (0ms)
			BeforeProcessingInitializeOnLoad (32ms)
			ProcessInitializeOnLoadAttributes (205ms)
			ProcessInitializeOnLoadMethodAttributes (42ms)
			AfterProcessingInitializeOnLoad (2ms)
			EditorAssembliesLoaded (0ms)
		ExecutionOrderSort2 (0ms)
		AwakeInstancesAfterBackupRestoration (7ms)
Refreshing native plugins compatible for Editor in 1.99 ms, found 2 plugins.
Preloading 0 native plugins for Editor in 0.00 ms.
Unloading 1559 Unused Serialized files (Serialized files now loaded: 0)
Unloading 9 unused Assets / (25.9 KB). Loaded Objects now: 2332.
Memory consumption went from 160.3 MB to 160.3 MB.
Total: 2.756200 ms (FindLiveObjects: 0.113700 ms CreateObjectMapping: 0.041700 ms MarkObjects: 2.571300 ms  DeleteObjects: 0.028900 ms)

Prepare: number of updated asset objects reloaded= 0
AssetImportParameters requested are different than current active one (requested -> active):
  custom:video-decoder-webm-vp8: 9c59270c3fd7afecdb556c50c9e8de78 -> 
  custom:SearchIndexIgnoredProperties: e643bd26f0fe6173181afceb89e7c659 -> 
  custom:container-demuxer-ogg: 62fdf1f143b41e24485cea50d1cbac27 -> 
  custom:AudioImporter_EditorPlatform: d09bf68614088b80899f8185d706f6e7 -> 
  custom:video-codec-MediaFoundation-h265: e54d7ab0439102e2317fc1e4b246158d -> 
  custom:video-decoder-ogg-theora: a1e56fd34408186e4bbccfd4996cb3dc -> 
  custom:framework-win-MediaFoundation: 216162199b28c13a410421893ffa2e32 -> 
  custom:video-encoder-webm-vp8: eb34c28f22e8b96e1ab97ce403110664 -> 
  custom:audio-decoder-ogg-vorbis: bf7c407c2cedff20999df2af8eb42d56 -> 
  custom:CustomObjectIndexerAttribute: 9a22284fe3817be447336de3de66b15e -> 
  custom:container-demuxer-webm: 4f35f7cbe854078d1ac9338744f61a02 -> 
  custom:audio-encoder-webm-vorbis: bf7c407c2cedff20999df2af8eb42d56 -> 
  custom:container-muxer-webm: aa71ff27fc2769a1b78a27578f13a17b -> 
========================================================================
Received Prepare
Caller must complete domain reload
Begin MonoManager ReloadAssembly
- Loaded All Assemblies, in  0.263 seconds
Native extension for UWP target not found
Native extension for WindowsStandalone target not found
Native extension for iOS target not found
Native extension for Android target not found
Native extension for WebGL target not found
[Package Manager] Server::EnsureServerProcessIsRunning -- launch failed, reason: Unity was launched with the -noUpm command-line argument
[Package Manager] UpmClient::Send -- Unable to send message (not connected to UPM process).
[Package Manager] Cannot connect to Unity Package Manager local server
Mono: successfully reloaded assembly
- Finished resetting the current domain, in  0.543 seconds
Domain Reload Profiling: 806ms
	BeginReloadAssembly (108ms)
		ExecutionOrderSort (0ms)
		DisableScriptedObjects (4ms)
		BackupInstance (0ms)
		ReleaseScriptingObjects (0ms)
		CreateAndSetChildDomain (23ms)
	RebuildCommonClasses (24ms)
	RebuildNativeTypeToScriptingClass (8ms)
	initialDomainReloadingComplete (17ms)
	LoadAllAssembliesAndSetupDomain (107ms)
		LoadAssemblies (151ms)
		RebuildTransferFunctionScriptingTraits (0ms)
		AnalyzeDomain (14ms)
			TypeCache.Refresh (6ms)
				TypeCache.ScanAssembly (1ms)
			ScanForSourceGeneratedMonoScriptInfo (5ms)
			ResolveRequiredComponents (3ms)
	FinalizeReload (543ms)
		ReleaseScriptCaches (0ms)
		RebuildScriptCaches (0ms)
		SetupLoadedEditorAssemblies (289ms)
			LogAssemblyErrors (0ms)
			InitializePlatformSupportModulesInManaged (23ms)
			SetLoadedEditorAssemblies (2ms)
			RefreshPlugins (0ms)
			BeforeProcessingInitializeOnLoad (32ms)
			ProcessInitializeOnLoadAttributes (190ms)
			ProcessInitializeOnLoadMethodAttributes (40ms)
			AfterProcessingInitializeOnLoad (2ms)
			EditorAssembliesLoaded (0ms)
		ExecutionOrderSort2 (0ms)
		AwakeInstancesAfterBackupRestoration (6ms)
Refreshing native plugins compatible for Editor in 1.50 ms, found 2 plugins.
Preloading 0 native plugins for Editor in 0.00 ms.
Unloading 1559 Unused Serialized files (Serialized files now loaded: 0)
Unloading 9 unused Assets / (25.9 KB). Loaded Objects now: 2335.
Memory consumption went from 160.3 MB to 160.3 MB.
Total: 2.949100 ms (FindLiveObjects: 0.107200 ms CreateObjectMapping: 0.043500 ms MarkObjects: 2.767400 ms  DeleteObjects: 0.030500 ms)

Prepare: number of updated asset objects reloaded= 0
AssetImportParameters requested are different than current active one (requested -> active):
  custom:video-decoder-webm-vp8: 9c59270c3fd7afecdb556c50c9e8de78 -> 
  custom:SearchIndexIgnoredProperties: e643bd26f0fe6173181afceb89e7c659 -> 
  custom:container-demuxer-ogg: 62fdf1f143b41e24485cea50d1cbac27 -> 
  custom:AudioImporter_EditorPlatform: d09bf68614088b80899f8185d706f6e7 -> 
  custom:video-codec-MediaFoundation-h265: e54d7ab0439102e2317fc1e4b246158d -> 
  custom:video-decoder-ogg-theora: a1e56fd34408186e4bbccfd4996cb3dc -> 
  custom:framework-win-MediaFoundation: 216162199b28c13a410421893ffa2e32 -> 
  custom:video-encoder-webm-vp8: eb34c28f22e8b96e1ab97ce403110664 -> 
  custom:audio-decoder-ogg-vorbis: bf7c407c2cedff20999df2af8eb42d56 -> 
  custom:CustomObjectIndexerAttribute: 9a22284fe3817be447336de3de66b15e -> 
  custom:container-demuxer-webm: 4f35f7cbe854078d1ac9338744f61a02 -> 
  custom:audio-encoder-webm-vorbis: bf7c407c2cedff20999df2af8eb42d56 -> 
  custom:container-muxer-webm: aa71ff27fc2769a1b78a27578f13a17b -> 
========================================================================
Received Prepare
Caller must complete domain reload
Begin MonoManager ReloadAssembly
- Loaded All Assemblies, in  0.255 seconds
Native extension for UWP target not found
Native extension for WindowsStandalone target not found
Native extension for iOS target not found
Native extension for Android target not found
Native extension for WebGL target not found
[Package Manager] Server::EnsureServerProcessIsRunning -- launch failed, reason: Unity was launched with the -noUpm command-line argument
[Package Manager] UpmClient::Send -- Unable to send message (not connected to UPM process).
[Package Manager] Cannot connect to Unity Package Manager local server
Mono: successfully reloaded assembly
- Finished resetting the current domain, in  0.560 seconds
Domain Reload Profiling: 814ms
	BeginReloadAssembly (107ms)
		ExecutionOrderSort (0ms)
		DisableScriptedObjects (4ms)
		BackupInstance (0ms)
		ReleaseScriptingObjects (0ms)
		CreateAndSetChildDomain (22ms)
	RebuildCommonClasses (24ms)
	RebuildNativeTypeToScriptingClass (8ms)
	initialDomainReloadingComplete (17ms)
	LoadAllAssembliesAndSetupDomain (99ms)
		LoadAssemblies (152ms)
		RebuildTransferFunctionScriptingTraits (0ms)
		AnalyzeDomain (6ms)
			TypeCache.Refresh (3ms)
				TypeCache.ScanAssembly (0ms)
			ScanForSourceGeneratedMonoScriptInfo (0ms)
			ResolveRequiredComponents (2ms)
	FinalizeReload (560ms)
		ReleaseScriptCaches (0ms)
		RebuildScriptCaches (0ms)
		SetupLoadedEditorAssemblies (315ms)
			LogAssemblyErrors (0ms)
			InitializePlatformSupportModulesInManaged (28ms)
			SetLoadedEditorAssemblies (2ms)
			RefreshPlugins (0ms)
			BeforeProcessingInitializeOnLoad (34ms)
			ProcessInitializeOnLoadAttributes (206ms)
			ProcessInitializeOnLoadMethodAttributes (42ms)
			AfterProcessingInitializeOnLoad (2ms)
			EditorAssembliesLoaded (0ms)
		ExecutionOrderSort2 (0ms)
		AwakeInstancesAfterBackupRestoration (6ms)
Refreshing native plugins compatible for Editor in 2.06 ms, found 2 plugins.
Preloading 0 native plugins for Editor in 0.00 ms.
Unloading 1559 Unused Serialized files (Serialized files now loaded: 0)
Unloading 9 unused Assets / (25.9 KB). Loaded Objects now: 2338.
Memory consumption went from 160.3 MB to 160.3 MB.
Total: 2.660100 ms (FindLiveObjects: 0.113900 ms CreateObjectMapping: 0.040900 ms MarkObjects: 2.437500 ms  DeleteObjects: 0.067300 ms)

Prepare: number of updated asset objects reloaded= 0
AssetImportParameters requested are different than current active one (requested -> active):
  custom:video-decoder-webm-vp8: 9c59270c3fd7afecdb556c50c9e8de78 -> 
  custom:SearchIndexIgnoredProperties: e643bd26f0fe6173181afceb89e7c659 -> 
  custom:container-demuxer-ogg: 62fdf1f143b41e24485cea50d1cbac27 -> 
  custom:AudioImporter_EditorPlatform: d09bf68614088b80899f8185d706f6e7 -> 
  custom:video-codec-MediaFoundation-h265: e54d7ab0439102e2317fc1e4b246158d -> 
  custom:video-decoder-ogg-theora: a1e56fd34408186e4bbccfd4996cb3dc -> 
  custom:framework-win-MediaFoundation: 216162199b28c13a410421893ffa2e32 -> 
  custom:video-encoder-webm-vp8: eb34c28f22e8b96e1ab97ce403110664 -> 
  custom:audio-decoder-ogg-vorbis: bf7c407c2cedff20999df2af8eb42d56 -> 
  custom:CustomObjectIndexerAttribute: 9a22284fe3817be447336de3de66b15e -> 
  custom:container-demuxer-webm: 4f35f7cbe854078d1ac9338744f61a02 -> 
  custom:audio-encoder-webm-vorbis: bf7c407c2cedff20999df2af8eb42d56 -> 
  custom:container-muxer-webm: aa71ff27fc2769a1b78a27578f13a17b -> 
========================================================================
Received Prepare
Refreshing native plugins compatible for Editor in 1.48 ms, found 2 plugins.
Preloading 0 native plugins for Editor in 0.00 ms.
Unloading 1 Unused Serialized files (Serialized files now loaded: 0)
Unloading 1 unused Assets / (3.1 KB). Loaded Objects now: 2338.
Memory consumption went from 136.3 MB to 136.3 MB.
Total: 2.370100 ms (FindLiveObjects: 0.134600 ms CreateObjectMapping: 0.035100 ms MarkObjects: 2.188100 ms  DeleteObjects: 0.011800 ms)

Prepare: number of updated asset objects reloaded= 0
AssetImportParameters requested are different than current active one (requested -> active):
  custom:video-decoder-webm-vp8: 9c59270c3fd7afecdb556c50c9e8de78 -> 
  custom:SearchIndexIgnoredProperties: e643bd26f0fe6173181afceb89e7c659 -> 
  custom:container-demuxer-ogg: 62fdf1f143b41e24485cea50d1cbac27 -> 
  custom:AudioImporter_EditorPlatform: d09bf68614088b80899f8185d706f6e7 -> 
  custom:video-codec-MediaFoundation-h265: e54d7ab0439102e2317fc1e4b246158d -> 
  custom:video-decoder-ogg-theora: a1e56fd34408186e4bbccfd4996cb3dc -> 
  custom:framework-win-MediaFoundation: 216162199b28c13a410421893ffa2e32 -> 
  custom:video-encoder-webm-vp8: eb34c28f22e8b96e1ab97ce403110664 -> 
  custom:audio-decoder-ogg-vorbis: bf7c407c2cedff20999df2af8eb42d56 -> 
  custom:CustomObjectIndexerAttribute: 9a22284fe3817be447336de3de66b15e -> 
  custom:container-demuxer-webm: 4f35f7cbe854078d1ac9338744f61a02 -> 
  custom:audio-encoder-webm-vorbis: bf7c407c2cedff20999df2af8eb42d56 -> 
  custom:container-muxer-webm: aa71ff27fc2769a1b78a27578f13a17b -> 
========================================================================
Received Import Request.
  Time since last request: 93193.966329 seconds.
  path: Assets/AlphabetMatch/Audio/music
  artifactKey: Guid(0d40e7f674b379b4dacf95ce1ac39d27) Importer(815301076,1909f56bfc062723c751e8b465ee728b)
Start importing Assets/AlphabetMatch/Audio/music using Guid(0d40e7f674b379b4dacf95ce1ac39d27) Importer(815301076,1909f56bfc062723c751e8b465ee728b) [PhysX] Initialized MultithreadedTaskDispatcher with 16 workers.
 -> (artifact id: '08b0e497d2cc6ac618c71616e9665e5a') in 0.045067 seconds
Number of updated asset objects reloaded before import = 0
Number of asset objects unloaded after import = 0
========================================================================
Received Import Request.
  Time since last request: 12.664197 seconds.
  path: Assets/AlphabetMatch/Audio
  artifactKey: Guid(5a1b3ef5284393743ad8d147c86047f4) Importer(815301076,1909f56bfc062723c751e8b465ee728b)
Start importing Assets/AlphabetMatch/Audio using Guid(5a1b3ef5284393743ad8d147c86047f4) Importer(815301076,1909f56bfc062723c751e8b465ee728b) [PhysX] Initialized MultithreadedTaskDispatcher with 16 workers.
 -> (artifact id: 'ae75881d3eff6e9e5f54d9440163edd7') in 0.000582 seconds
Number of updated asset objects reloaded before import = 0
Number of asset objects unloaded after import = 0
========================================================================
Received Import Request.
  Time since last request: 12.300672 seconds.
  path: Assets/AlphabetMatch/Audio/NewMusic
  artifactKey: Guid(8f53489af3e254e46a0c12b7bcc91e20) Importer(815301076,1909f56bfc062723c751e8b465ee728b)
Start importing Assets/AlphabetMatch/Audio/NewMusic using Guid(8f53489af3e254e46a0c12b7bcc91e20) Importer(815301076,1909f56bfc062723c751e8b465ee728b) [PhysX] Initialized MultithreadedTaskDispatcher with 16 workers.
 -> (artifact id: '168983ee3641fac80c431a3d328726ce') in 0.000524 seconds
Number of updated asset objects reloaded before import = 0
Number of asset objects unloaded after import = 0
========================================================================
Received Import Request.
  Time since last request: 102.740463 seconds.
  path: Assets/AlphabetMatch/Audio/NewMusic/MovieA.mp3
  artifactKey: Guid(4bb6722a5fffb1642a2a1d6a0ca1d98e) Importer(815301076,1909f56bfc062723c751e8b465ee728b)
Start importing Assets/AlphabetMatch/Audio/NewMusic/MovieA.mp3 using Guid(4bb6722a5fffb1642a2a1d6a0ca1d98e) Importer(815301076,1909f56bfc062723c751e8b465ee728b) [PhysX] Initialized MultithreadedTaskDispatcher with 16 workers.
[PhysX] Initialized MultithreadedTaskDispatcher with 16 workers.
 -> (artifact id: 'd7ec91eda5c32f9181f2980e48717be8') in 0.166262 seconds
Number of updated asset objects reloaded before import = 0
Number of asset objects unloaded after import = 2
========================================================================
Received Import Request.
  Time since last request: 39.772569 seconds.
  path: Assets/AlphabetMatch/Audio/NewMusic/MovieB.mp3
  artifactKey: Guid(1c8360f3ce04e904383e4d44d765c75f) Importer(815301076,1909f56bfc062723c751e8b465ee728b)
Start importing Assets/AlphabetMatch/Audio/NewMusic/MovieB.mp3 using Guid(1c8360f3ce04e904383e4d44d765c75f) Importer(815301076,1909f56bfc062723c751e8b465ee728b) [PhysX] Initialized MultithreadedTaskDispatcher with 16 workers.
[PhysX] Initialized MultithreadedTaskDispatcher with 16 workers.
 -> (artifact id: '12222fe954454d2cee393324830e758a') in 0.012820 seconds
Number of updated asset objects reloaded before import = 0
Number of asset objects unloaded after import = 2
========================================================================
Received Import Request.
  Time since last request: 17.554113 seconds.
  path: Assets/AlphabetMatch/Audio/NewMusic/MovieC.mp3
  artifactKey: Guid(410c8066d78e38443b25657345ec2a18) Importer(815301076,1909f56bfc062723c751e8b465ee728b)
Start importing Assets/AlphabetMatch/Audio/NewMusic/MovieC.mp3 using Guid(410c8066d78e38443b25657345ec2a18) Importer(815301076,1909f56bfc062723c751e8b465ee728b) [PhysX] Initialized MultithreadedTaskDispatcher with 16 workers.
[PhysX] Initialized MultithreadedTaskDispatcher with 16 workers.
 -> (artifact id: 'fb75c81dad2ddfd4714fcf8a7e4cde0f') in 0.012438 seconds
Number of updated asset objects reloaded before import = 0
Number of asset objects unloaded after import = 2
========================================================================
Received Import Request.
  Time since last request: 71.009831 seconds.
  path: Assets/AlphabetMatch/Audio/music/main.mp3
  artifactKey: Guid(5408bc0215c164d4d9bc7c0676e0f470) Importer(815301076,1909f56bfc062723c751e8b465ee728b)
Start importing Assets/AlphabetMatch/Audio/music/main.mp3 using Guid(5408bc0215c164d4d9bc7c0676e0f470) Importer(815301076,1909f56bfc062723c751e8b465ee728b) [PhysX] Initialized MultithreadedTaskDispatcher with 16 workers.
[PhysX] Initialized MultithreadedTaskDispatcher with 16 workers.
 -> (artifact id: '5723776d60b00afd03a546be7c1fb7dc') in 0.022795 seconds
Number of updated asset objects reloaded before import = 0
Number of asset objects unloaded after import = 2
========================================================================
Received Import Request.
  Time since last request: 5.441654 seconds.
  path: Assets/AlphabetMatch/Audio/music/Sonata.wav
  artifactKey: Guid(8d31dab054d0c5b44aa4ede8cd9c3b4c) Importer(815301076,1909f56bfc062723c751e8b465ee728b)
Start importing Assets/AlphabetMatch/Audio/music/Sonata.wav using Guid(8d31dab054d0c5b44aa4ede8cd9c3b4c) Importer(815301076,1909f56bfc062723c751e8b465ee728b) [PhysX] Initialized MultithreadedTaskDispatcher with 16 workers.
[PhysX] Initialized MultithreadedTaskDispatcher with 16 workers.
 -> (artifact id: 'c7a0098729063455c21e941eb628832e') in 0.071865 seconds
Number of updated asset objects reloaded before import = 0
Number of asset objects unloaded after import = 2
========================================================================
Received Import Request.
  Time since last request: 12.084772 seconds.
  path: Assets/AlphabetMatch/Audio/music/theme1.mp3
  artifactKey: Guid(2d1b3d4e5c73ead40ba334f97e35afb2) Importer(815301076,1909f56bfc062723c751e8b465ee728b)
Start importing Assets/AlphabetMatch/Audio/music/theme1.mp3 using Guid(2d1b3d4e5c73ead40ba334f97e35afb2) Importer(815301076,1909f56bfc062723c751e8b465ee728b) [PhysX] Initialized MultithreadedTaskDispatcher with 16 workers.
[PhysX] Initialized MultithreadedTaskDispatcher with 16 workers.
 -> (artifact id: 'cb7f82a904de7faf5972a2d6664bcd79') in 0.021538 seconds
Number of updated asset objects reloaded before import = 0
Number of asset objects unloaded after import = 2
========================================================================
Received Import Request.
  Time since last request: 2.142274 seconds.
  path: Assets/AlphabetMatch/Audio/music/theme2.mp3
  artifactKey: Guid(706f9b3ae808ee848b54391182f915d5) Importer(815301076,1909f56bfc062723c751e8b465ee728b)
Start importing Assets/AlphabetMatch/Audio/music/theme2.mp3 using Guid(706f9b3ae808ee848b54391182f915d5) Importer(815301076,1909f56bfc062723c751e8b465ee728b) [PhysX] Initialized MultithreadedTaskDispatcher with 16 workers.
[PhysX] Initialized MultithreadedTaskDispatcher with 16 workers.
 -> (artifact id: '4180c49baa6e7bd86ad0111add278858') in 0.019296 seconds
Number of updated asset objects reloaded before import = 0
Number of asset objects unloaded after import = 2
========================================================================
Received Import Request.
  Time since last request: 2.006132 seconds.
  path: Assets/AlphabetMatch/Audio/music/theme3.mp3
  artifactKey: Guid(2ec0b8b8a57371543aaf94350ae9da83) Importer(815301076,1909f56bfc062723c751e8b465ee728b)
Start importing Assets/AlphabetMatch/Audio/music/theme3.mp3 using Guid(2ec0b8b8a57371543aaf94350ae9da83) Importer(815301076,1909f56bfc062723c751e8b465ee728b) [PhysX] Initialized MultithreadedTaskDispatcher with 16 workers.
[PhysX] Initialized MultithreadedTaskDispatcher with 16 workers.
 -> (artifact id: 'ab0e1b9925cdecd1d6c563c52f50bb8f') in 0.038236 seconds
Number of updated asset objects reloaded before import = 0
Number of asset objects unloaded after import = 2
========================================================================
Received Import Request.
  Time since last request: 1.984307 seconds.
  path: Assets/AlphabetMatch/Audio/music/twinkle.mp3
  artifactKey: Guid(adf0ffa10c1469c4291ca8ed648ce2a7) Importer(815301076,1909f56bfc062723c751e8b465ee728b)
Start importing Assets/AlphabetMatch/Audio/music/twinkle.mp3 using Guid(adf0ffa10c1469c4291ca8ed648ce2a7) Importer(815301076,1909f56bfc062723c751e8b465ee728b) [PhysX] Initialized MultithreadedTaskDispatcher with 16 workers.
[PhysX] Initialized MultithreadedTaskDispatcher with 16 workers.
 -> (artifact id: 'c6ebc8906c8bc2a09483a483a46c7faf') in 0.052578 seconds
Number of updated asset objects reloaded before import = 0
Number of asset objects unloaded after import = 2
========================================================================
Received Import Request.
  Time since last request: 133.021162 seconds.
  path: Assets/AlphabetMatch/Scripts/GameLogic.cs
  artifactKey: Guid(d90c4bbf3de0491458114b188ad8cd63) Importer(815301076,1909f56bfc062723c751e8b465ee728b)
Start importing Assets/AlphabetMatch/Scripts/GameLogic.cs using Guid(d90c4bbf3de0491458114b188ad8cd63) Importer(815301076,1909f56bfc062723c751e8b465ee728b) [PhysX] Initialized MultithreadedTaskDispatcher with 16 workers.
 -> (artifact id: '5af15dd7d015e73b60ab09427f6d9e0c') in 0.018070 seconds
Number of updated asset objects reloaded before import = 0
Number of asset objects unloaded after import = 0
========================================================================
Received Import Request.
  Time since last request: 2060.084173 seconds.
  path: Assets/AlphabetMatch/Scripts/GameLogic.cs
  artifactKey: Guid(d90c4bbf3de0491458114b188ad8cd63) Importer(815301076,1909f56bfc062723c751e8b465ee728b)
Start importing Assets/AlphabetMatch/Scripts/GameLogic.cs using Guid(d90c4bbf3de0491458114b188ad8cd63) Importer(815301076,1909f56bfc062723c751e8b465ee728b) [PhysX] Initialized MultithreadedTaskDispatcher with 16 workers.
 -> (artifact id: 'e015b7b380cae1ad3c963c2bda306e66') in 0.000565 seconds
Number of updated asset objects reloaded before import = 0
Number of asset objects unloaded after import = 0
========================================================================
Received Prepare
Caller must complete domain reload
Begin MonoManager ReloadAssembly
- Loaded All Assemblies, in  2.334 seconds
Native extension for UWP target not found
Native extension for WindowsStandalone target not found
Native extension for iOS target not found
Native extension for Android target not found
Native extension for WebGL target not found
[Package Manager] Server::EnsureServerProcessIsRunning -- launch failed, reason: Unity was launched with the -noUpm command-line argument
[Package Manager] UpmClient::Send -- Unable to send message (not connected to UPM process).
[Package Manager] Cannot connect to Unity Package Manager local server
Mono: successfully reloaded assembly
- Finished resetting the current domain, in  5.801 seconds
Domain Reload Profiling: 8134ms
	BeginReloadAssembly (135ms)
		ExecutionOrderSort (0ms)
		DisableScriptedObjects (4ms)
		BackupInstance (0ms)
		ReleaseScriptingObjects (0ms)
		CreateAndSetChildDomain (32ms)
	RebuildCommonClasses (26ms)
	RebuildNativeTypeToScriptingClass (8ms)
	initialDomainReloadingComplete (20ms)
	LoadAllAssembliesAndSetupDomain (2145ms)
		LoadAssemblies (2203ms)
		RebuildTransferFunctionScriptingTraits (0ms)
		AnalyzeDomain (16ms)
			TypeCache.Refresh (6ms)
				TypeCache.ScanAssembly (1ms)
			ScanForSourceGeneratedMonoScriptInfo (6ms)
			ResolveRequiredComponents (2ms)
	FinalizeReload (5801ms)
		ReleaseScriptCaches (0ms)
		RebuildScriptCaches (0ms)
		SetupLoadedEditorAssemblies (296ms)
			LogAssemblyErrors (0ms)
			InitializePlatformSupportModulesInManaged (24ms)
			SetLoadedEditorAssemblies (2ms)
			RefreshPlugins (0ms)
			BeforeProcessingInitializeOnLoad (32ms)
			ProcessInitializeOnLoadAttributes (195ms)
			ProcessInitializeOnLoadMethodAttributes (40ms)
			AfterProcessingInitializeOnLoad (2ms)
			EditorAssembliesLoaded (0ms)
		ExecutionOrderSort2 (0ms)
		AwakeInstancesAfterBackupRestoration (6ms)
Refreshing native plugins compatible for Editor in 1.80 ms, found 2 plugins.
Preloading 0 native plugins for Editor in 0.00 ms.
Unloading 1558 Unused Serialized files (Serialized files now loaded: 0)
Unloading 9 unused Assets / (25.9 KB). Loaded Objects now: 2350.
Memory consumption went from 160.2 MB to 160.2 MB.
Total: 3.403200 ms (FindLiveObjects: 0.211400 ms CreateObjectMapping: 0.117600 ms MarkObjects: 3.043900 ms  DeleteObjects: 0.029100 ms)

Prepare: number of updated asset objects reloaded= 0
AssetImportParameters requested are different than current active one (requested -> active):
  custom:video-decoder-webm-vp8: 9c59270c3fd7afecdb556c50c9e8de78 -> 
  custom:SearchIndexIgnoredProperties: e643bd26f0fe6173181afceb89e7c659 -> 
  custom:container-demuxer-ogg: 62fdf1f143b41e24485cea50d1cbac27 -> 
  custom:AudioImporter_EditorPlatform: d09bf68614088b80899f8185d706f6e7 -> 
  custom:video-codec-MediaFoundation-h265: e54d7ab0439102e2317fc1e4b246158d -> 
  custom:video-decoder-ogg-theora: a1e56fd34408186e4bbccfd4996cb3dc -> 
  custom:framework-win-MediaFoundation: 216162199b28c13a410421893ffa2e32 -> 
  custom:video-encoder-webm-vp8: eb34c28f22e8b96e1ab97ce403110664 -> 
  custom:audio-decoder-ogg-vorbis: bf7c407c2cedff20999df2af8eb42d56 -> 
  custom:CustomObjectIndexerAttribute: 9a22284fe3817be447336de3de66b15e -> 
  custom:container-demuxer-webm: 4f35f7cbe854078d1ac9338744f61a02 -> 
  custom:audio-encoder-webm-vorbis: bf7c407c2cedff20999df2af8eb42d56 -> 
  custom:scripting/precompiled-assembly-types:Assembly-CSharp: b4b2ebd6c4d4e709071e680d1322e6de -> 05e29247fd5b4226f5a595ebc8235478
  custom:container-muxer-webm: aa71ff27fc2769a1b78a27578f13a17b -> 
========================================================================
Received Import Request.
  Time since last request: 190.050850 seconds.
  path: Assets/Resources/Objects/Audio/words/letterR/ring.mp3
  artifactKey: Guid(6f5c8771c8fed0047977047b0f2d8991) Importer(815301076,1909f56bfc062723c751e8b465ee728b)
Start importing Assets/Resources/Objects/Audio/words/letterR/ring.mp3 using Guid(6f5c8771c8fed0047977047b0f2d8991) Importer(815301076,1909f56bfc062723c751e8b465ee728b) [PhysX] Initialized MultithreadedTaskDispatcher with 16 workers.
[PhysX] Initialized MultithreadedTaskDispatcher with 16 workers.
 -> (artifact id: '9920128c5fb4f5d9dd0ee2c0db5c4df0') in 0.046028 seconds
Number of updated asset objects reloaded before import = 0
Number of asset objects unloaded after import = 2
========================================================================
Received Import Request.
  Time since last request: 0.023845 seconds.
  path: Assets/Resources/Characters/Audio/s.mp3
  artifactKey: Guid(cf1aa2f26a9068548ae79d2dc9edfe27) Importer(815301076,1909f56bfc062723c751e8b465ee728b)
Start importing Assets/Resources/Characters/Audio/s.mp3 using Guid(cf1aa2f26a9068548ae79d2dc9edfe27) Importer(815301076,1909f56bfc062723c751e8b465ee728b) [PhysX] Initialized MultithreadedTaskDispatcher with 16 workers.
[PhysX] Initialized MultithreadedTaskDispatcher with 16 workers.
 -> (artifact id: '53ee0fc4115ba443b2c0cdbe15c2a594') in 0.078027 seconds
Number of updated asset objects reloaded before import = 0
Number of asset objects unloaded after import = 2
========================================================================
Received Import Request.
  Time since last request: 0.000022 seconds.
  path: Assets/Resources/Objects/Audio/words/letterS/sandwich.mp3
  artifactKey: Guid(1121441a7cccd6b498e61828ca5291e6) Importer(815301076,1909f56bfc062723c751e8b465ee728b)
Start importing Assets/Resources/Objects/Audio/words/letterS/sandwich.mp3 using Guid(1121441a7cccd6b498e61828ca5291e6) Importer(815301076,1909f56bfc062723c751e8b465ee728b) [PhysX] Initialized MultithreadedTaskDispatcher with 16 workers.
[PhysX] Initialized MultithreadedTaskDispatcher with 16 workers.
 -> (artifact id: '6adc36949aec79489c41c435ecebc021') in 0.024980 seconds
Number of updated asset objects reloaded before import = 0
Number of asset objects unloaded after import = 2
========================================================================
Received Import Request.
  Time since last request: 0.000020 seconds.
  path: Assets/Resources/Objects/Audio/words/letterS/scissors.mp3
  artifactKey: Guid(908603a45c7f3134bbdc2171c16f0f46) Importer(815301076,1909f56bfc062723c751e8b465ee728b)
Start importing Assets/Resources/Objects/Audio/words/letterS/scissors.mp3 using Guid(908603a45c7f3134bbdc2171c16f0f46) Importer(815301076,1909f56bfc062723c751e8b465ee728b) [PhysX] Initialized MultithreadedTaskDispatcher with 16 workers.
[PhysX] Initialized MultithreadedTaskDispatcher with 16 workers.
 -> (artifact id: 'f6de8d3f3ada1065225761076d71faff') in 0.029338 seconds
Number of updated asset objects reloaded before import = 0
Number of asset objects unloaded after import = 2
========================================================================
Received Import Request.
  Time since last request: 0.000025 seconds.
  path: Assets/Resources/Objects/Audio/words/letterS/sock.mp3
  artifactKey: Guid(591ed411e621cb14db22161729c5d702) Importer(815301076,1909f56bfc062723c751e8b465ee728b)
Start importing Assets/Resources/Objects/Audio/words/letterS/sock.mp3 using Guid(591ed411e621cb14db22161729c5d702) Importer(815301076,1909f56bfc062723c751e8b465ee728b) [PhysX] Initialized MultithreadedTaskDispatcher with 16 workers.
[PhysX] Initialized MultithreadedTaskDispatcher with 16 workers.
 -> (artifact id: '460053bf28a72dd61c7072e24be5c80c') in 0.069601 seconds
Number of updated asset objects reloaded before import = 0
Number of asset objects unloaded after import = 2
========================================================================
Received Import Request.
  Time since last request: 0.019714 seconds.
  path: Assets/Resources/Objects/Audio/words/letterS/spoon.mp3
  artifactKey: Guid(602a9d5ebf8be83478bb8224fc02fe39) Importer(815301076,1909f56bfc062723c751e8b465ee728b)
Start importing Assets/Resources/Objects/Audio/words/letterS/spoon.mp3 using Guid(602a9d5ebf8be83478bb8224fc02fe39) Importer(815301076,1909f56bfc062723c751e8b465ee728b) [PhysX] Initialized MultithreadedTaskDispatcher with 16 workers.
[PhysX] Initialized MultithreadedTaskDispatcher with 16 workers.
 -> (artifact id: 'bb5198adc5c5244e79e4086973db81a3') in 0.017883 seconds
Number of updated asset objects reloaded before import = 0
Number of asset objects unloaded after import = 2
========================================================================
Received Import Request.
  Time since last request: 0.000019 seconds.
  path: Assets/Resources/Objects/Audio/words/letterS/sun.mp3
  artifactKey: Guid(f3de4ba2e7371ce46b393c02a7443e2a) Importer(815301076,1909f56bfc062723c751e8b465ee728b)
Start importing Assets/Resources/Objects/Audio/words/letterS/sun.mp3 using Guid(f3de4ba2e7371ce46b393c02a7443e2a) Importer(815301076,1909f56bfc062723c751e8b465ee728b) [PhysX] Initialized MultithreadedTaskDispatcher with 16 workers.
[PhysX] Initialized MultithreadedTaskDispatcher with 16 workers.
 -> (artifact id: 'd23dae3f84d2a4dc6b31d164278d3179') in 0.021983 seconds
Number of updated asset objects reloaded before import = 0
Number of asset objects unloaded after import = 2
========================================================================
Received Import Request.
  Time since last request: 0.000025 seconds.
  path: Assets/Resources/Characters/Audio/t.mp3
  artifactKey: Guid(eee9fece209f26043990aa334dac94c0) Importer(815301076,1909f56bfc062723c751e8b465ee728b)
Start importing Assets/Resources/Characters/Audio/t.mp3 using Guid(eee9fece209f26043990aa334dac94c0) Importer(815301076,1909f56bfc062723c751e8b465ee728b) [PhysX] Initialized MultithreadedTaskDispatcher with 16 workers.
[PhysX] Initialized MultithreadedTaskDispatcher with 16 workers.
 -> (artifact id: '9b7bfbc214377a32f524ff4922367fc5') in 0.032506 seconds
Number of updated asset objects reloaded before import = 0
Number of asset objects unloaded after import = 2
========================================================================
Received Import Request.
  Time since last request: 0.000015 seconds.
  path: Assets/Resources/VO/title_new.mp3
  artifactKey: Guid(80441bef5d4b6504d8aed2ce52c48d44) Importer(815301076,1909f56bfc062723c751e8b465ee728b)
Start importing Assets/Resources/VO/title_new.mp3 using Guid(80441bef5d4b6504d8aed2ce52c48d44) Importer(815301076,1909f56bfc062723c751e8b465ee728b) [PhysX] Initialized MultithreadedTaskDispatcher with 16 workers.
[PhysX] Initialized MultithreadedTaskDispatcher with 16 workers.
 -> (artifact id: 'cac21a7d607240f2b439665da1a9ea4e') in 0.079700 seconds
Number of updated asset objects reloaded before import = 0
Number of asset objects unloaded after import = 2
========================================================================
Received Import Request.
  Time since last request: 0.000015 seconds.
  path: Assets/Resources/Objects/Audio/words/letterT/tree.mp3
  artifactKey: Guid(f69311f2066888b48a74d05958378dd5) Importer(815301076,1909f56bfc062723c751e8b465ee728b)
Start importing Assets/Resources/Objects/Audio/words/letterT/tree.mp3 using Guid(f69311f2066888b48a74d05958378dd5) Importer(815301076,1909f56bfc062723c751e8b465ee728b) [PhysX] Initialized MultithreadedTaskDispatcher with 16 workers.
[PhysX] Initialized MultithreadedTaskDispatcher with 16 workers.
 -> (artifact id: 'c6c1ea0bf44b370079f8a99cac8a14d2') in 0.019552 seconds
Number of updated asset objects reloaded before import = 0
Number of asset objects unloaded after import = 2
========================================================================
Received Import Request.
  Time since last request: 0.000021 seconds.
  path: Assets/Resources/Objects/Audio/words/letterT/truck.mp3
  artifactKey: Guid(2fbb92c127424614dbc3dbdd240a1a5b) Importer(815301076,1909f56bfc062723c751e8b465ee728b)
Start importing Assets/Resources/Objects/Audio/words/letterT/truck.mp3 using Guid(2fbb92c127424614dbc3dbdd240a1a5b) Importer(815301076,1909f56bfc062723c751e8b465ee728b) [PhysX] Initialized MultithreadedTaskDispatcher with 16 workers.
[PhysX] Initialized MultithreadedTaskDispatcher with 16 workers.
 -> (artifact id: '1a6f6aae0f651c0fdf59459c6c23b7b7') in 0.027022 seconds
Number of updated asset objects reloaded before import = 0
Number of asset objects unloaded after import = 2
========================================================================
Received Import Request.
  Time since last request: 0.000019 seconds.
  path: Assets/Resources/Incorrect/try_another_02.mp3
  artifactKey: Guid(78f951b1650b6224da6efaa5b9a0d82f) Importer(815301076,1909f56bfc062723c751e8b465ee728b)
Start importing Assets/Resources/Incorrect/try_another_02.mp3 using Guid(78f951b1650b6224da6efaa5b9a0d82f) Importer(815301076,1909f56bfc062723c751e8b465ee728b) [PhysX] Initialized MultithreadedTaskDispatcher with 16 workers.
[PhysX] Initialized MultithreadedTaskDispatcher with 16 workers.
 -> (artifact id: '8f60e69d4cf69b8fb0d40e5bedf3bce2') in 0.017888 seconds
Number of updated asset objects reloaded before import = 0
Number of asset objects unloaded after import = 2
========================================================================
Received Import Request.
  Time since last request: 0.000024 seconds.
  path: Assets/Resources/Objects/Audio/letters/u.mp3
  artifactKey: Guid(3c0d48a7f08de174da6b74fd8dea0aae) Importer(815301076,1909f56bfc062723c751e8b465ee728b)
Start importing Assets/Resources/Objects/Audio/letters/u.mp3 using Guid(3c0d48a7f08de174da6b74fd8dea0aae) Importer(815301076,1909f56bfc062723c751e8b465ee728b) [PhysX] Initialized MultithreadedTaskDispatcher with 16 workers.
[PhysX] Initialized MultithreadedTaskDispatcher with 16 workers.
 -> (artifact id: '92b4c5a2707f86dbcc8d6973cd64c799') in 0.017236 seconds
Number of updated asset objects reloaded before import = 0
Number of asset objects unloaded after import = 2
========================================================================
Received Import Request.
  Time since last request: 0.000018 seconds.
  path: Assets/Resources/Incorrect/try_another_01.mp3
  artifactKey: Guid(ea1ecb1c330b9ea4db32be3aaad0b2f7) Importer(815301076,1909f56bfc062723c751e8b465ee728b)
Start importing Assets/Resources/Incorrect/try_another_01.mp3 using Guid(ea1ecb1c330b9ea4db32be3aaad0b2f7) Importer(815301076,1909f56bfc062723c751e8b465ee728b) [PhysX] Initialized MultithreadedTaskDispatcher with 16 workers.
[PhysX] Initialized MultithreadedTaskDispatcher with 16 workers.
 -> (artifact id: '4da5e17084fd7d9fa11658b4d560294d') in 0.024724 seconds
Number of updated asset objects reloaded before import = 0
Number of asset objects unloaded after import = 2
========================================================================
Received Import Request.
  Time since last request: 0.000016 seconds.
  path: Assets/Resources/Objects/Audio/words/letterT/table.mp3
  artifactKey: Guid(3dc2034a662ef07429b1019325debc7d) Importer(815301076,1909f56bfc062723c751e8b465ee728b)
Start importing Assets/Resources/Objects/Audio/words/letterT/table.mp3 using Guid(3dc2034a662ef07429b1019325debc7d) Importer(815301076,1909f56bfc062723c751e8b465ee728b) [PhysX] Initialized MultithreadedTaskDispatcher with 16 workers.
[PhysX] Initialized MultithreadedTaskDispatcher with 16 workers.
 -> (artifact id: 'bb3453dc039dd12df31cdefb8f91b79e') in 0.031949 seconds
Number of updated asset objects reloaded before import = 0
Number of asset objects unloaded after import = 2
========================================================================
Received Import Request.
  Time since last request: 0.000016 seconds.
  path: Assets/Resources/Objects/Audio/words/letterU/united states.mp3
  artifactKey: Guid(d081af24dcd397144b4bb10fd3201fba) Importer(815301076,1909f56bfc062723c751e8b465ee728b)
Start importing Assets/Resources/Objects/Audio/words/letterU/united states.mp3 using Guid(d081af24dcd397144b4bb10fd3201fba) Importer(815301076,1909f56bfc062723c751e8b465ee728b) [PhysX] Initialized MultithreadedTaskDispatcher with 16 workers.
[PhysX] Initialized MultithreadedTaskDispatcher with 16 workers.
 -> (artifact id: 'dd68b01736e4aed726f16296d87e3a5d') in 0.017367 seconds
Number of updated asset objects reloaded before import = 0
Number of asset objects unloaded after import = 2
========================================================================
Received Import Request.
  Time since last request: 0.000020 seconds.
  path: Assets/Resources/Objects/Audio/letters/v.mp3
  artifactKey: Guid(62394dfa5f1fa66408e3ca4ce6722958) Importer(815301076,1909f56bfc062723c751e8b465ee728b)
Start importing Assets/Resources/Objects/Audio/letters/v.mp3 using Guid(62394dfa5f1fa66408e3ca4ce6722958) Importer(815301076,1909f56bfc062723c751e8b465ee728b) [PhysX] Initialized MultithreadedTaskDispatcher with 16 workers.
[PhysX] Initialized MultithreadedTaskDispatcher with 16 workers.
 -> (artifact id: '02abec7a1bd9d25c05b97aefc1bff419') in 0.047946 seconds
Number of updated asset objects reloaded before import = 0
Number of asset objects unloaded after import = 2
========================================================================
Received Import Request.
  Time since last request: 0.000028 seconds.
  path: Assets/Resources/VO/touch_and_say_letter.mp3
  artifactKey: Guid(e59172492ccb7684894c1ec6bcba5ee2) Importer(815301076,1909f56bfc062723c751e8b465ee728b)
Start importing Assets/Resources/VO/touch_and_say_letter.mp3 using Guid(e59172492ccb7684894c1ec6bcba5ee2) Importer(815301076,1909f56bfc062723c751e8b465ee728b) [PhysX] Initialized MultithreadedTaskDispatcher with 16 workers.
[PhysX] Initialized MultithreadedTaskDispatcher with 16 workers.
 -> (artifact id: '2f274cc56fc3f46b00d6f3dc7bf013f9') in 0.028858 seconds
Number of updated asset objects reloaded before import = 0
Number of asset objects unloaded after import = 2
========================================================================
Received Import Request.
  Time since last request: 0.000016 seconds.
  path: Assets/Resources/Objects/Audio/words/letterU/unicycle.mp3
  artifactKey: Guid(ede4d3483ba6db54fa3edfb17cf7f35b) Importer(815301076,1909f56bfc062723c751e8b465ee728b)
Start importing Assets/Resources/Objects/Audio/words/letterU/unicycle.mp3 using Guid(ede4d3483ba6db54fa3edfb17cf7f35b) Importer(815301076,1909f56bfc062723c751e8b465ee728b) [PhysX] Initialized MultithreadedTaskDispatcher with 16 workers.
[PhysX] Initialized MultithreadedTaskDispatcher with 16 workers.
 -> (artifact id: '9d2775fee7ba98e03a179394697a809d') in 0.027406 seconds
Number of updated asset objects reloaded before import = 0
Number of asset objects unloaded after import = 2
========================================================================
Received Import Request.
  Time since last request: 0.000016 seconds.
  path: Assets/Resources/Characters/Audio/v.mp3
  artifactKey: Guid(265f80a169ca00c4db10133f8829c45b) Importer(815301076,1909f56bfc062723c751e8b465ee728b)
Start importing Assets/Resources/Characters/Audio/v.mp3 using Guid(265f80a169ca00c4db10133f8829c45b) Importer(815301076,1909f56bfc062723c751e8b465ee728b) [PhysX] Initialized MultithreadedTaskDispatcher with 16 workers.
[PhysX] Initialized MultithreadedTaskDispatcher with 16 workers.
 -> (artifact id: '350d99ffd109812767c532b50cd2a976') in 0.026458 seconds
Number of updated asset objects reloaded before import = 0
Number of asset objects unloaded after import = 2
========================================================================
Received Import Request.
  Time since last request: 0.000015 seconds.
  path: Assets/Resources/Objects/Audio/words/letterV/vegetables.mp3
  artifactKey: Guid(6fb9bcb274a820f40bfe2c80bde8a67e) Importer(815301076,1909f56bfc062723c751e8b465ee728b)
Start importing Assets/Resources/Objects/Audio/words/letterV/vegetables.mp3 using Guid(6fb9bcb274a820f40bfe2c80bde8a67e) Importer(815301076,1909f56bfc062723c751e8b465ee728b) [PhysX] Initialized MultithreadedTaskDispatcher with 16 workers.
[PhysX] Initialized MultithreadedTaskDispatcher with 16 workers.
 -> (artifact id: '2b60512b193c8aac76bec08ce532e6d8') in 0.024643 seconds
Number of updated asset objects reloaded before import = 0
Number of asset objects unloaded after import = 2
========================================================================
Received Import Request.
  Time since last request: 1.218528 seconds.
  path: Assets/Resources/Objects/Audio/words/letterV/vest.mp3
  artifactKey: Guid(6bedf637d4032144293ddf165f79c0b2) Importer(815301076,1909f56bfc062723c751e8b465ee728b)
Start importing Assets/Resources/Objects/Audio/words/letterV/vest.mp3 using Guid(6bedf637d4032144293ddf165f79c0b2) Importer(815301076,1909f56bfc062723c751e8b465ee728b) [PhysX] Initialized MultithreadedTaskDispatcher with 16 workers.
[PhysX] Initialized MultithreadedTaskDispatcher with 16 workers.
 -> (artifact id: 'a4bfb717d12ce2d6725396a49547c133') in 0.022128 seconds
Number of updated asset objects reloaded before import = 0
Number of asset objects unloaded after import = 2
========================================================================
Received Import Request.
  Time since last request: 0.000018 seconds.
  path: Assets/Resources/Characters/Audio/w.mp3
  artifactKey: Guid(54ea23a0c77c5d94e9336fd1022ef53f) Importer(815301076,1909f56bfc062723c751e8b465ee728b)
Start importing Assets/Resources/Characters/Audio/w.mp3 using Guid(54ea23a0c77c5d94e9336fd1022ef53f) Importer(815301076,1909f56bfc062723c751e8b465ee728b) [PhysX] Initialized MultithreadedTaskDispatcher with 16 workers.
[PhysX] Initialized MultithreadedTaskDispatcher with 16 workers.
 -> (artifact id: 'ec1fb48daba3409baae9a8e6af6cb4c0') in 0.034587 seconds
Number of updated asset objects reloaded before import = 0
Number of asset objects unloaded after import = 2
========================================================================
Received Import Request.
  Time since last request: 0.000032 seconds.
  path: Assets/Resources/Objects/Audio/words/letterW/wagon.mp3
  artifactKey: Guid(94e535931c3b26a4a9576decdc9ebe33) Importer(815301076,1909f56bfc062723c751e8b465ee728b)
Start importing Assets/Resources/Objects/Audio/words/letterW/wagon.mp3 using Guid(94e535931c3b26a4a9576decdc9ebe33) Importer(815301076,1909f56bfc062723c751e8b465ee728b) [PhysX] Initialized MultithreadedTaskDispatcher with 16 workers.
[PhysX] Initialized MultithreadedTaskDispatcher with 16 workers.
 -> (artifact id: '558919c159fb99a87919279c0befe98f') in 0.029750 seconds
Number of updated asset objects reloaded before import = 0
Number of asset objects unloaded after import = 2
========================================================================
Received Import Request.
  Time since last request: 0.000087 seconds.
  path: Assets/Resources/Objects/Audio/words/letterW/walrus.mp3
  artifactKey: Guid(3875fee603106ff4499e6ecad6f09f4f) Importer(815301076,1909f56bfc062723c751e8b465ee728b)
Start importing Assets/Resources/Objects/Audio/words/letterW/walrus.mp3 using Guid(3875fee603106ff4499e6ecad6f09f4f) Importer(815301076,1909f56bfc062723c751e8b465ee728b) [PhysX] Initialized MultithreadedTaskDispatcher with 16 workers.
[PhysX] Initialized MultithreadedTaskDispatcher with 16 workers.
 -> (artifact id: '9d62cacedbba15d25525af94aad91d78') in 0.028736 seconds
Number of updated asset objects reloaded before import = 0
Number of asset objects unloaded after import = 2
========================================================================
Received Import Request.
  Time since last request: 0.000017 seconds.
  path: Assets/Resources/Objects/Audio/words/letterW/watermelon.mp3
  artifactKey: Guid(0016b4040e5bbc747b0bba1c3c31c9f6) Importer(815301076,1909f56bfc062723c751e8b465ee728b)
Start importing Assets/Resources/Objects/Audio/words/letterW/watermelon.mp3 using Guid(0016b4040e5bbc747b0bba1c3c31c9f6) Importer(815301076,1909f56bfc062723c751e8b465ee728b) [PhysX] Initialized MultithreadedTaskDispatcher with 16 workers.
[PhysX] Initialized MultithreadedTaskDispatcher with 16 workers.
 -> (artifact id: 'aabc022d624216ba6f95e9616447b248') in 0.019459 seconds
Number of updated asset objects reloaded before import = 0
Number of asset objects unloaded after import = 2
========================================================================
Received Import Request.
  Time since last request: 0.000012 seconds.
  path: Assets/Resources/Objects/Audio/words/letterW/wheel.mp3
  artifactKey: Guid(d63c62ffda67bb444a839d8a1a56f4bf) Importer(815301076,1909f56bfc062723c751e8b465ee728b)
Start importing Assets/Resources/Objects/Audio/words/letterW/wheel.mp3 using Guid(d63c62ffda67bb444a839d8a1a56f4bf) Importer(815301076,1909f56bfc062723c751e8b465ee728b) [PhysX] Initialized MultithreadedTaskDispatcher with 16 workers.
[PhysX] Initialized MultithreadedTaskDispatcher with 16 workers.
 -> (artifact id: '6c8cc03fdec703e1d81896453a942d44') in 0.026161 seconds
Number of updated asset objects reloaded before import = 0
Number of asset objects unloaded after import = 2
========================================================================
Received Import Request.
  Time since last request: 0.000013 seconds.
  path: Assets/Resources/Objects/Audio/letters/x.mp3
  artifactKey: Guid(11ed2d62e98956f4c811e837bb8f7209) Importer(815301076,1909f56bfc062723c751e8b465ee728b)
Start importing Assets/Resources/Objects/Audio/letters/x.mp3 using Guid(11ed2d62e98956f4c811e837bb8f7209) Importer(815301076,1909f56bfc062723c751e8b465ee728b) [PhysX] Initialized MultithreadedTaskDispatcher with 16 workers.
[PhysX] Initialized MultithreadedTaskDispatcher with 16 workers.
 -> (artifact id: '2cbcc31cec719791fa7e0ebbdee1b218') in 0.032610 seconds
Number of updated asset objects reloaded before import = 0
Number of asset objects unloaded after import = 2
========================================================================
Received Import Request.
  Time since last request: 0.000013 seconds.
  path: Assets/Resources/Objects/Audio/words/letterX/xray fish.mp3
  artifactKey: Guid(295cc2ae5dd40ef478b5bc3f767b5e33) Importer(815301076,1909f56bfc062723c751e8b465ee728b)
Start importing Assets/Resources/Objects/Audio/words/letterX/xray fish.mp3 using Guid(295cc2ae5dd40ef478b5bc3f767b5e33) Importer(815301076,1909f56bfc062723c751e8b465ee728b) [PhysX] Initialized MultithreadedTaskDispatcher with 16 workers.
[PhysX] Initialized MultithreadedTaskDispatcher with 16 workers.
 -> (artifact id: 'b157fb10a43120f39930bceca5fbcf6d') in 0.022952 seconds
Number of updated asset objects reloaded before import = 0
Number of asset objects unloaded after import = 2
========================================================================
Received Import Request.
  Time since last request: 0.000017 seconds.
  path: Assets/Resources/Characters/Audio/y.mp3
  artifactKey: Guid(e787b8b9f703a444a9b2701907f31d97) Importer(815301076,1909f56bfc062723c751e8b465ee728b)
Start importing Assets/Resources/Characters/Audio/y.mp3 using Guid(e787b8b9f703a444a9b2701907f31d97) Importer(815301076,1909f56bfc062723c751e8b465ee728b) [PhysX] Initialized MultithreadedTaskDispatcher with 16 workers.
[PhysX] Initialized MultithreadedTaskDispatcher with 16 workers.
 -> (artifact id: 'bb9b5893204bb6c38e7f04ea7c46773e') in 0.017409 seconds
Number of updated asset objects reloaded before import = 0
Number of asset objects unloaded after import = 2
========================================================================
Received Import Request.
  Time since last request: 0.000022 seconds.
  path: Assets/Resources/Objects/Audio/words/letterX/xray.mp3
  artifactKey: Guid(5998384b6f14f694c96b7df12a93f66b) Importer(815301076,1909f56bfc062723c751e8b465ee728b)
Start importing Assets/Resources/Objects/Audio/words/letterX/xray.mp3 using Guid(5998384b6f14f694c96b7df12a93f66b) Importer(815301076,1909f56bfc062723c751e8b465ee728b) [PhysX] Initialized MultithreadedTaskDispatcher with 16 workers.
[PhysX] Initialized MultithreadedTaskDispatcher with 16 workers.
 -> (artifact id: '31a75d2ffe01e54d3a291d2a8d67cbbb') in 0.028494 seconds
Number of updated asset objects reloaded before import = 0
Number of asset objects unloaded after import = 2
========================================================================
Received Import Request.
  Time since last request: 0.000025 seconds.
  path: Assets/Resources/Objects/Audio/words/letterY/yellow.mp3
  artifactKey: Guid(267853c621ea8c34b822544fa45f841f) Importer(815301076,1909f56bfc062723c751e8b465ee728b)
Start importing Assets/Resources/Objects/Audio/words/letterY/yellow.mp3 using Guid(267853c621ea8c34b822544fa45f841f) Importer(815301076,1909f56bfc062723c751e8b465ee728b) [PhysX] Initialized MultithreadedTaskDispatcher with 16 workers.
[PhysX] Initialized MultithreadedTaskDispatcher with 16 workers.
 -> (artifact id: '9f4c57521f8e27a8b892fc8f58671dde') in 0.017667 seconds
Number of updated asset objects reloaded before import = 0
Number of asset objects unloaded after import = 2
========================================================================
Received Import Request.
  Time since last request: 0.000015 seconds.
  path: Assets/Resources/Objects/Audio/words/letterZ/zebra.mp3
  artifactKey: Guid(c2576654157c8374b8a0cb16ae5665e6) Importer(815301076,1909f56bfc062723c751e8b465ee728b)
Start importing Assets/Resources/Objects/Audio/words/letterZ/zebra.mp3 using Guid(c2576654157c8374b8a0cb16ae5665e6) Importer(815301076,1909f56bfc062723c751e8b465ee728b) [PhysX] Initialized MultithreadedTaskDispatcher with 16 workers.
[PhysX] Initialized MultithreadedTaskDispatcher with 16 workers.
 -> (artifact id: 'ec06dfe879b6622255a0a672949fbcce') in 0.015477 seconds
Number of updated asset objects reloaded before import = 0
Number of asset objects unloaded after import = 2
========================================================================
Received Import Request.
  Time since last request: 0.000013 seconds.
  path: Assets/Resources/Characters/Audio/z.mp3
  artifactKey: Guid(f23969dfda624b64da518f2b358b4e2a) Importer(815301076,1909f56bfc062723c751e8b465ee728b)
Start importing Assets/Resources/Characters/Audio/z.mp3 using Guid(f23969dfda624b64da518f2b358b4e2a) Importer(815301076,1909f56bfc062723c751e8b465ee728b) [PhysX] Initialized MultithreadedTaskDispatcher with 16 workers.
[PhysX] Initialized MultithreadedTaskDispatcher with 16 workers.
 -> (artifact id: '8b8853126cb12828709d46fa6eff0f12') in 0.028960 seconds
Number of updated asset objects reloaded before import = 0
Number of asset objects unloaded after import = 2
========================================================================
Received Import Request.
  Time since last request: 0.000015 seconds.
  path: Assets/Resources/Objects/Audio/words/letterY/yarn.mp3
  artifactKey: Guid(28d2a49f10a1d1d4aac5c6a9af4c9df0) Importer(815301076,1909f56bfc062723c751e8b465ee728b)
Start importing Assets/Resources/Objects/Audio/words/letterY/yarn.mp3 using Guid(28d2a49f10a1d1d4aac5c6a9af4c9df0) Importer(815301076,1909f56bfc062723c751e8b465ee728b) [PhysX] Initialized MultithreadedTaskDispatcher with 16 workers.
[PhysX] Initialized MultithreadedTaskDispatcher with 16 workers.
 -> (artifact id: '7d51b01ab3412ecc7baa38bb17eeb9ab') in 0.026623 seconds
Number of updated asset objects reloaded before import = 0
Number of asset objects unloaded after import = 2
========================================================================
Received Import Request.
  Time since last request: 0.000017 seconds.
  path: Assets/Resources/Characters/Audio/x.mp3
  artifactKey: Guid(cc2a1858cd89b864abd785e9f558dc12) Importer(815301076,1909f56bfc062723c751e8b465ee728b)
Start importing Assets/Resources/Characters/Audio/x.mp3 using Guid(cc2a1858cd89b864abd785e9f558dc12) Importer(815301076,1909f56bfc062723c751e8b465ee728b) [PhysX] Initialized MultithreadedTaskDispatcher with 16 workers.
[PhysX] Initialized MultithreadedTaskDispatcher with 16 workers.
 -> (artifact id: '4946280983a84ba453d1a41f31a504ab') in 0.055596 seconds
Number of updated asset objects reloaded before import = 0
Number of asset objects unloaded after import = 2
========================================================================
Received Import Request.
  Time since last request: 0.794365 seconds.
  path: Assets/Resources/Objects/Audio/words/letterQ/quiet.mp3
  artifactKey: Guid(c20016848dfae654dae71fdda4158c82) Importer(815301076,1909f56bfc062723c751e8b465ee728b)
Start importing Assets/Resources/Objects/Audio/words/letterQ/quiet.mp3 using Guid(c20016848dfae654dae71fdda4158c82) Importer(815301076,1909f56bfc062723c751e8b465ee728b) [PhysX] Initialized MultithreadedTaskDispatcher with 16 workers.
[PhysX] Initialized MultithreadedTaskDispatcher with 16 workers.
 -> (artifact id: '46ad5ec80605c3d93387653ac6cff540') in 0.018370 seconds
Number of updated asset objects reloaded before import = 0
Number of asset objects unloaded after import = 2
========================================================================
Received Import Request.
  Time since last request: 0.000014 seconds.
  path: Assets/Resources/Characters/Audio/r.mp3
  artifactKey: Guid(13e720379a8541b4ea513ba4a854b921) Importer(815301076,1909f56bfc062723c751e8b465ee728b)
Start importing Assets/Resources/Characters/Audio/r.mp3 using Guid(13e720379a8541b4ea513ba4a854b921) Importer(815301076,1909f56bfc062723c751e8b465ee728b) [PhysX] Initialized MultithreadedTaskDispatcher with 16 workers.
[PhysX] Initialized MultithreadedTaskDispatcher with 16 workers.
 -> (artifact id: '0ab5cbd467eac6463bb5fcdff0e71a86') in 0.035767 seconds
Number of updated asset objects reloaded before import = 0
Number of asset objects unloaded after import = 2
========================================================================
Received Import Request.
  Time since last request: 0.000021 seconds.
  path: Assets/Resources/Objects/Audio/words/letterR/rabbit.mp3
  artifactKey: Guid(c84f5d12200f4f64fba415880740858e) Importer(815301076,1909f56bfc062723c751e8b465ee728b)
Start importing Assets/Resources/Objects/Audio/words/letterR/rabbit.mp3 using Guid(c84f5d12200f4f64fba415880740858e) Importer(815301076,1909f56bfc062723c751e8b465ee728b) [PhysX] Initialized MultithreadedTaskDispatcher with 16 workers.
[PhysX] Initialized MultithreadedTaskDispatcher with 16 workers.
 -> (artifact id: '5a3f039f354ceea60dec15cd7a34e8c7') in 0.037102 seconds
Number of updated asset objects reloaded before import = 0
Number of asset objects unloaded after import = 2
========================================================================
Received Import Request.
  Time since last request: 0.000029 seconds.
  path: Assets/Resources/Objects/Audio/words/letterR/raspberry.mp3
  artifactKey: Guid(45b4b6ced5d81014da84600cd9b4da6e) Importer(815301076,1909f56bfc062723c751e8b465ee728b)
Start importing Assets/Resources/Objects/Audio/words/letterR/raspberry.mp3 using Guid(45b4b6ced5d81014da84600cd9b4da6e) Importer(815301076,1909f56bfc062723c751e8b465ee728b) [PhysX] Initialized MultithreadedTaskDispatcher with 16 workers.
[PhysX] Initialized MultithreadedTaskDispatcher with 16 workers.
 -> (artifact id: 'a68c17b58312d4536b3e7eddb1235c7a') in 0.017542 seconds
Number of updated asset objects reloaded before import = 0
Number of asset objects unloaded after import = 2
========================================================================
Received Import Request.
  Time since last request: 0.000015 seconds.
  path: Assets/Resources/Objects/Audio/words/letterM/moon.mp3
  artifactKey: Guid(95347eec72f183a44b8b609555f80485) Importer(815301076,1909f56bfc062723c751e8b465ee728b)
Start importing Assets/Resources/Objects/Audio/words/letterM/moon.mp3 using Guid(95347eec72f183a44b8b609555f80485) Importer(815301076,1909f56bfc062723c751e8b465ee728b) [PhysX] Initialized MultithreadedTaskDispatcher with 16 workers.
[PhysX] Initialized MultithreadedTaskDispatcher with 16 workers.
 -> (artifact id: '7f146c893a2e19f3d323f45926292c81') in 0.027314 seconds
Number of updated asset objects reloaded before import = 0
Number of asset objects unloaded after import = 2
========================================================================
Received Import Request.
  Time since last request: 0.000023 seconds.
  path: Assets/Resources/Objects/Audio/words/letterM/mushroom.mp3
  artifactKey: Guid(f5008fb1227015f408572b5cec1caa75) Importer(815301076,1909f56bfc062723c751e8b465ee728b)
Start importing Assets/Resources/Objects/Audio/words/letterM/mushroom.mp3 using Guid(f5008fb1227015f408572b5cec1caa75) Importer(815301076,1909f56bfc062723c751e8b465ee728b) [PhysX] Initialized MultithreadedTaskDispatcher with 16 workers.
[PhysX] Initialized MultithreadedTaskDispatcher with 16 workers.
 -> (artifact id: '86f97370200b411ce2abb8edc81d87f6') in 0.033626 seconds
Number of updated asset objects reloaded before import = 0
Number of asset objects unloaded after import = 2
========================================================================
Received Import Request.
  Time since last request: 0.000025 seconds.
  path: Assets/Resources/Objects/Audio/letters/n.mp3
  artifactKey: Guid(451ab7de30fdba443a6469bfc79391f1) Importer(815301076,1909f56bfc062723c751e8b465ee728b)
Start importing Assets/Resources/Objects/Audio/letters/n.mp3 using Guid(451ab7de30fdba443a6469bfc79391f1) Importer(815301076,1909f56bfc062723c751e8b465ee728b) [PhysX] Initialized MultithreadedTaskDispatcher with 16 workers.
[PhysX] Initialized MultithreadedTaskDispatcher with 16 workers.
 -> (artifact id: 'edd67c9a7e2b6dfbafc4b69259401de5') in 0.018099 seconds
Number of updated asset objects reloaded before import = 0
Number of asset objects unloaded after import = 2
========================================================================
Received Import Request.
  Time since last request: 0.000014 seconds.
  path: Assets/Resources/Characters/Audio/n.mp3
  artifactKey: Guid(9cd53829f457433448df396fe9452956) Importer(815301076,1909f56bfc062723c751e8b465ee728b)
Start importing Assets/Resources/Characters/Audio/n.mp3 using Guid(9cd53829f457433448df396fe9452956) Importer(815301076,1909f56bfc062723c751e8b465ee728b) [PhysX] Initialized MultithreadedTaskDispatcher with 16 workers.
[PhysX] Initialized MultithreadedTaskDispatcher with 16 workers.
 -> (artifact id: '8843e8f4deba18d703c173e39ebb85b1') in 0.044085 seconds
Number of updated asset objects reloaded before import = 0
Number of asset objects unloaded after import = 2
========================================================================
Received Import Request.
  Time since last request: 0.000022 seconds.
  path: Assets/Resources/Objects/Audio/words/letterN/nose.mp3
  artifactKey: Guid(a44c3faa462408b4dbee379b8b03b52b) Importer(815301076,1909f56bfc062723c751e8b465ee728b)
Start importing Assets/Resources/Objects/Audio/words/letterN/nose.mp3 using Guid(a44c3faa462408b4dbee379b8b03b52b) Importer(815301076,1909f56bfc062723c751e8b465ee728b) [PhysX] Initialized MultithreadedTaskDispatcher with 16 workers.
[PhysX] Initialized MultithreadedTaskDispatcher with 16 workers.
 -> (artifact id: '7e593501870ca9196d1b9b0742d64bb0') in 0.022208 seconds
Number of updated asset objects reloaded before import = 0
Number of asset objects unloaded after import = 2
========================================================================
Received Import Request.
  Time since last request: 0.000015 seconds.
  path: Assets/Resources/Objects/Audio/words/letterN/needle.mp3
  artifactKey: Guid(a4a5fbc9d8f50734c9a2b6cbc436b074) Importer(815301076,1909f56bfc062723c751e8b465ee728b)
Start importing Assets/Resources/Objects/Audio/words/letterN/needle.mp3 using Guid(a4a5fbc9d8f50734c9a2b6cbc436b074) Importer(815301076,1909f56bfc062723c751e8b465ee728b) [PhysX] Initialized MultithreadedTaskDispatcher with 16 workers.
[PhysX] Initialized MultithreadedTaskDispatcher with 16 workers.
 -> (artifact id: '0df90f82320b8bf3534c85dc03349eea') in 0.044024 seconds
Number of updated asset objects reloaded before import = 0
Number of asset objects unloaded after import = 2
========================================================================
Received Import Request.
  Time since last request: 0.000021 seconds.
  path: Assets/Resources/Objects/Audio/words/letterO/overalls.mp3
  artifactKey: Guid(4c157505a6211704080f44546da397aa) Importer(815301076,1909f56bfc062723c751e8b465ee728b)
Start importing Assets/Resources/Objects/Audio/words/letterO/overalls.mp3 using Guid(4c157505a6211704080f44546da397aa) Importer(815301076,1909f56bfc062723c751e8b465ee728b) [PhysX] Initialized MultithreadedTaskDispatcher with 16 workers.
[PhysX] Initialized MultithreadedTaskDispatcher with 16 workers.
 -> (artifact id: '04375d281ae3892aa76e055f8ffe6db8') in 0.017502 seconds
Number of updated asset objects reloaded before import = 0
Number of asset objects unloaded after import = 2
========================================================================
Received Import Request.
  Time since last request: 0.000023 seconds.
  path: Assets/Resources/Characters/Audio/o.mp3
  artifactKey: Guid(bd8cafa9ddcca7445b00e45adca8f121) Importer(815301076,1909f56bfc062723c751e8b465ee728b)
Start importing Assets/Resources/Characters/Audio/o.mp3 using Guid(bd8cafa9ddcca7445b00e45adca8f121) Importer(815301076,1909f56bfc062723c751e8b465ee728b) [PhysX] Initialized MultithreadedTaskDispatcher with 16 workers.
[PhysX] Initialized MultithreadedTaskDispatcher with 16 workers.
 -> (artifact id: '5c63e09ec1b343cf7ff2f09c008a406f') in 0.017070 seconds
Number of updated asset objects reloaded before import = 0
Number of asset objects unloaded after import = 2
========================================================================
Received Import Request.
  Time since last request: 0.000014 seconds.
  path: Assets/Resources/Objects/Audio/letters/p.mp3
  artifactKey: Guid(fe1489f3399c36b4781d9f17c24d4f9e) Importer(815301076,1909f56bfc062723c751e8b465ee728b)
Start importing Assets/Resources/Objects/Audio/letters/p.mp3 using Guid(fe1489f3399c36b4781d9f17c24d4f9e) Importer(815301076,1909f56bfc062723c751e8b465ee728b) [PhysX] Initialized MultithreadedTaskDispatcher with 16 workers.
[PhysX] Initialized MultithreadedTaskDispatcher with 16 workers.
 -> (artifact id: 'c067cbf3b66dd3c710ea2953b2ed7728') in 0.034176 seconds
Number of updated asset objects reloaded before import = 0
Number of asset objects unloaded after import = 2
========================================================================
Received Import Request.
  Time since last request: 0.000019 seconds.
  path: Assets/Resources/Objects/Audio/words/letterP/pie.mp3
  artifactKey: Guid(c97abfa78f697ed44a0a5577b93e02e0) Importer(815301076,1909f56bfc062723c751e8b465ee728b)
Start importing Assets/Resources/Objects/Audio/words/letterP/pie.mp3 using Guid(c97abfa78f697ed44a0a5577b93e02e0) Importer(815301076,1909f56bfc062723c751e8b465ee728b) [PhysX] Initialized MultithreadedTaskDispatcher with 16 workers.
[PhysX] Initialized MultithreadedTaskDispatcher with 16 workers.
 -> (artifact id: '478d72f54af7f7dc470d718d43466d4d') in 0.017840 seconds
Number of updated asset objects reloaded before import = 0
Number of asset objects unloaded after import = 2
========================================================================
Received Import Request.
  Time since last request: 0.000020 seconds.
  path: Assets/Resources/Objects/Audio/words/letterP/pig.mp3
  artifactKey: Guid(9bf066cd696a27542a0f126403043f96) Importer(815301076,1909f56bfc062723c751e8b465ee728b)
Start importing Assets/Resources/Objects/Audio/words/letterP/pig.mp3 using Guid(9bf066cd696a27542a0f126403043f96) Importer(815301076,1909f56bfc062723c751e8b465ee728b) [PhysX] Initialized MultithreadedTaskDispatcher with 16 workers.
[PhysX] Initialized MultithreadedTaskDispatcher with 16 workers.
 -> (artifact id: '6f074ff962cd5e24f97f7e0dd9730027') in 0.040416 seconds
Number of updated asset objects reloaded before import = 0
Number of asset objects unloaded after import = 2
========================================================================
Received Import Request.
  Time since last request: 0.003140 seconds.
  path: Assets/Resources/Objects/Audio/words/letterP/plate.mp3
  artifactKey: Guid(a3f6bbd51b822844a9f0e7c37e592830) Importer(815301076,1909f56bfc062723c751e8b465ee728b)
Start importing Assets/Resources/Objects/Audio/words/letterP/plate.mp3 using Guid(a3f6bbd51b822844a9f0e7c37e592830) Importer(815301076,1909f56bfc062723c751e8b465ee728b) [PhysX] Initialized MultithreadedTaskDispatcher with 16 workers.
[PhysX] Initialized MultithreadedTaskDispatcher with 16 workers.
 -> (artifact id: 'f3fb15aa29fa375e381233a14d7e2365') in 0.029387 seconds
Number of updated asset objects reloaded before import = 0
Number of asset objects unloaded after import = 2
========================================================================
Received Import Request.
  Time since last request: 0.000019 seconds.
  path: Assets/Resources/Objects/Audio/words/letterP/pumpkin.mp3
  artifactKey: Guid(7c4e0652b5e5dc2428308326e24e6f7f) Importer(815301076,1909f56bfc062723c751e8b465ee728b)
Start importing Assets/Resources/Objects/Audio/words/letterP/pumpkin.mp3 using Guid(7c4e0652b5e5dc2428308326e24e6f7f) Importer(815301076,1909f56bfc062723c751e8b465ee728b) [PhysX] Initialized MultithreadedTaskDispatcher with 16 workers.
[PhysX] Initialized MultithreadedTaskDispatcher with 16 workers.
 -> (artifact id: '528de015d93baed70e14cb05e0e1c46c') in 0.040259 seconds
Number of updated asset objects reloaded before import = 0
Number of asset objects unloaded after import = 2
========================================================================
Received Import Request.
  Time since last request: 0.000025 seconds.
  path: Assets/Resources/Objects/Audio/words/letterP/pencil.mp3
  artifactKey: Guid(9d94ccd13aba15d4f84a16b3d9395f64) Importer(815301076,1909f56bfc062723c751e8b465ee728b)
Start importing Assets/Resources/Objects/Audio/words/letterP/pencil.mp3 using Guid(9d94ccd13aba15d4f84a16b3d9395f64) Importer(815301076,1909f56bfc062723c751e8b465ee728b) [PhysX] Initialized MultithreadedTaskDispatcher with 16 workers.
[PhysX] Initialized MultithreadedTaskDispatcher with 16 workers.
 -> (artifact id: '3a2ca42ec0fbd11ff0b84a1efab8df8c') in 0.019676 seconds
Number of updated asset objects reloaded before import = 0
Number of asset objects unloaded after import = 2
========================================================================
Received Import Request.
  Time since last request: 0.000015 seconds.
  path: Assets/Resources/Objects/Audio/words/letterQ/question mark.mp3
  artifactKey: Guid(e4c24fdfb186c0448b05d0dff516410e) Importer(815301076,1909f56bfc062723c751e8b465ee728b)
Start importing Assets/Resources/Objects/Audio/words/letterQ/question mark.mp3 using Guid(e4c24fdfb186c0448b05d0dff516410e) Importer(815301076,1909f56bfc062723c751e8b465ee728b) [PhysX] Initialized MultithreadedTaskDispatcher with 16 workers.
[PhysX] Initialized MultithreadedTaskDispatcher with 16 workers.
 -> (artifact id: 'a6d8527fccb6e502053c7ed97c684d3a') in 0.060378 seconds
Number of updated asset objects reloaded before import = 0
Number of asset objects unloaded after import = 2
========================================================================
Received Import Request.
  Time since last request: 0.000016 seconds.
  path: Assets/Resources/Objects/Audio/words/letterP/pear.mp3
  artifactKey: Guid(0e9d28b5a22222c4b861ad70bce771dc) Importer(815301076,1909f56bfc062723c751e8b465ee728b)
Start importing Assets/Resources/Objects/Audio/words/letterP/pear.mp3 using Guid(0e9d28b5a22222c4b861ad70bce771dc) Importer(815301076,1909f56bfc062723c751e8b465ee728b) [PhysX] Initialized MultithreadedTaskDispatcher with 16 workers.
[PhysX] Initialized MultithreadedTaskDispatcher with 16 workers.
 -> (artifact id: '6295bdf6cade27159ddb81ac819dcba8') in 0.037614 seconds
Number of updated asset objects reloaded before import = 0
Number of asset objects unloaded after import = 2
========================================================================
Received Import Request.
  Time since last request: 0.000017 seconds.
  path: Assets/Resources/Objects/Audio/words/letterA/april.mp3
  artifactKey: Guid(b94c58fa5cd4ce140a1194e487e29148) Importer(815301076,1909f56bfc062723c751e8b465ee728b)
Start importing Assets/Resources/Objects/Audio/words/letterA/april.mp3 using Guid(b94c58fa5cd4ce140a1194e487e29148) Importer(815301076,1909f56bfc062723c751e8b465ee728b) [PhysX] Initialized MultithreadedTaskDispatcher with 16 workers.
[PhysX] Initialized MultithreadedTaskDispatcher with 16 workers.
 -> (artifact id: '9dff8f75b4e8fffbdaa79524de8bc0ff') in 0.020546 seconds
Number of updated asset objects reloaded before import = 0
Number of asset objects unloaded after import = 2
========================================================================
Received Import Request.
  Time since last request: 0.000021 seconds.
  path: Assets/Resources/Objects/Audio/words/letterP/present.mp3
  artifactKey: Guid(132296708a7b5b042a027cff7fd5935c) Importer(815301076,1909f56bfc062723c751e8b465ee728b)
Start importing Assets/Resources/Objects/Audio/words/letterP/present.mp3 using Guid(132296708a7b5b042a027cff7fd5935c) Importer(815301076,1909f56bfc062723c751e8b465ee728b) [PhysX] Initialized MultithreadedTaskDispatcher with 16 workers.
[PhysX] Initialized MultithreadedTaskDispatcher with 16 workers.
 -> (artifact id: 'baf80691781acbb4158ef6399e4d7c55') in 0.035334 seconds
Number of updated asset objects reloaded before import = 0
Number of asset objects unloaded after import = 2
========================================================================
Received Import Request.
  Time since last request: 0.000017 seconds.
  path: Assets/Resources/Characters/Audio/b.mp3
  artifactKey: Guid(efbaef62c840ea746bd6cf3bba16f011) Importer(815301076,1909f56bfc062723c751e8b465ee728b)
Start importing Assets/Resources/Characters/Audio/b.mp3 using Guid(efbaef62c840ea746bd6cf3bba16f011) Importer(815301076,1909f56bfc062723c751e8b465ee728b) [PhysX] Initialized MultithreadedTaskDispatcher with 16 workers.
[PhysX] Initialized MultithreadedTaskDispatcher with 16 workers.
 -> (artifact id: '31a454eb3b39ec14db3ea5c11471169c') in 0.025538 seconds
Number of updated asset objects reloaded before import = 0
Number of asset objects unloaded after import = 2
========================================================================
Received Import Request.
  Time since last request: 0.000018 seconds.
  path: Assets/Resources/Characters/Audio/q.mp3
  artifactKey: Guid(57a8467784ff3304fa46c9502e528bff) Importer(815301076,1909f56bfc062723c751e8b465ee728b)
Start importing Assets/Resources/Characters/Audio/q.mp3 using Guid(57a8467784ff3304fa46c9502e528bff) Importer(815301076,1909f56bfc062723c751e8b465ee728b) [PhysX] Initialized MultithreadedTaskDispatcher with 16 workers.
[PhysX] Initialized MultithreadedTaskDispatcher with 16 workers.
 -> (artifact id: 'e87b4ca70cb8e5999b7c0b83bb911a95') in 0.029826 seconds
Number of updated asset objects reloaded before import = 0
Number of asset objects unloaded after import = 2
========================================================================
Received Import Request.
  Time since last request: 0.000028 seconds.
  path: Assets/Resources/Objects/Audio/words/letterB/ball.mp3
  artifactKey: Guid(543ec6c1de456ab438f20ec3779ad697) Importer(815301076,1909f56bfc062723c751e8b465ee728b)
Start importing Assets/Resources/Objects/Audio/words/letterB/ball.mp3 using Guid(543ec6c1de456ab438f20ec3779ad697) Importer(815301076,1909f56bfc062723c751e8b465ee728b) [PhysX] Initialized MultithreadedTaskDispatcher with 16 workers.
[PhysX] Initialized MultithreadedTaskDispatcher with 16 workers.
 -> (artifact id: '75a8396cdbb54cd87734837eeb46fc5e') in 0.019535 seconds
Number of updated asset objects reloaded before import = 0
Number of asset objects unloaded after import = 2
========================================================================
Received Import Request.
  Time since last request: 0.000017 seconds.
  path: Assets/Resources/Objects/Audio/words/letterB/bat.mp3
  artifactKey: Guid(72f1fa47546d2e143a998b90a95fe947) Importer(815301076,1909f56bfc062723c751e8b465ee728b)
Start importing Assets/Resources/Objects/Audio/words/letterB/bat.mp3 using Guid(72f1fa47546d2e143a998b90a95fe947) Importer(815301076,1909f56bfc062723c751e8b465ee728b) [PhysX] Initialized MultithreadedTaskDispatcher with 16 workers.
[PhysX] Initialized MultithreadedTaskDispatcher with 16 workers.
 -> (artifact id: '134f4827af8178b8720118d756644dff') in 0.021263 seconds
Number of updated asset objects reloaded before import = 0
Number of asset objects unloaded after import = 2
========================================================================
Received Import Request.
  Time since last request: 0.000017 seconds.
  path: Assets/Resources/Objects/Audio/words/letterB/balloon.mp3
  artifactKey: Guid(0f47a153c41fcab45a58b3103343391e) Importer(815301076,1909f56bfc062723c751e8b465ee728b)
Start importing Assets/Resources/Objects/Audio/words/letterB/balloon.mp3 using Guid(0f47a153c41fcab45a58b3103343391e) Importer(815301076,1909f56bfc062723c751e8b465ee728b) [PhysX] Initialized MultithreadedTaskDispatcher with 16 workers.
[PhysX] Initialized MultithreadedTaskDispatcher with 16 workers.
 -> (artifact id: 'e0431084d5c1caf310c91d2a73de72fc') in 0.030993 seconds
Number of updated asset objects reloaded before import = 0
Number of asset objects unloaded after import = 2
========================================================================
Received Import Request.
  Time since last request: 0.000019 seconds.
  path: Assets/Resources/Objects/Audio/words/letterB/broom.mp3
  artifactKey: Guid(7625d92e15d4fa9498075045c0f7acc2) Importer(815301076,1909f56bfc062723c751e8b465ee728b)
Start importing Assets/Resources/Objects/Audio/words/letterB/broom.mp3 using Guid(7625d92e15d4fa9498075045c0f7acc2) Importer(815301076,1909f56bfc062723c751e8b465ee728b) [PhysX] Initialized MultithreadedTaskDispatcher with 16 workers.
[PhysX] Initialized MultithreadedTaskDispatcher with 16 workers.
 -> (artifact id: 'b006b04a781dc0833f56828439ab8aa3') in 0.025030 seconds
Number of updated asset objects reloaded before import = 0
Number of asset objects unloaded after import = 2
========================================================================
Received Import Request.
  Time since last request: 0.000020 seconds.
  path: Assets/Resources/Characters/Audio/c.mp3
  artifactKey: Guid(ede4e98c1d26d1a4f9cdc5540d4c0a38) Importer(815301076,1909f56bfc062723c751e8b465ee728b)
Start importing Assets/Resources/Characters/Audio/c.mp3 using Guid(ede4e98c1d26d1a4f9cdc5540d4c0a38) Importer(815301076,1909f56bfc062723c751e8b465ee728b) [PhysX] Initialized MultithreadedTaskDispatcher with 16 workers.
[PhysX] Initialized MultithreadedTaskDispatcher with 16 workers.
 -> (artifact id: '92242ebf011d3d2f326e64c5e57e96a4') in 0.034304 seconds
Number of updated asset objects reloaded before import = 0
Number of asset objects unloaded after import = 2
========================================================================
Received Import Request.
  Time since last request: 0.000016 seconds.
  path: Assets/AlmostEngine/UltimateScreenshotCreator/Assets/Audio/camera_shutter.wav
  artifactKey: Guid(8395331d4bc4a4f4190622709cdef091) Importer(815301076,1909f56bfc062723c751e8b465ee728b)
Start importing Assets/AlmostEngine/UltimateScreenshotCreator/Assets/Audio/camera_shutter.wav using Guid(8395331d4bc4a4f4190622709cdef091) Importer(815301076,1909f56bfc062723c751e8b465ee728b) [PhysX] Initialized MultithreadedTaskDispatcher with 16 workers.
[PhysX] Initialized MultithreadedTaskDispatcher with 16 workers.
 -> (artifact id: '71e96a8895cb32f639bc81545020f7de') in 0.009982 seconds
Number of updated asset objects reloaded before import = 0
Number of asset objects unloaded after import = 2
========================================================================
Received Import Request.
  Time since last request: 0.000015 seconds.
  path: Assets/Resources/Objects/Audio/words/letterC/can.mp3
  artifactKey: Guid(ec3609258eb53f34cbae18d5ba5efa9a) Importer(815301076,1909f56bfc062723c751e8b465ee728b)
Start importing Assets/Resources/Objects/Audio/words/letterC/can.mp3 using Guid(ec3609258eb53f34cbae18d5ba5efa9a) Importer(815301076,1909f56bfc062723c751e8b465ee728b) [PhysX] Initialized MultithreadedTaskDispatcher with 16 workers.
[PhysX] Initialized MultithreadedTaskDispatcher with 16 workers.
 -> (artifact id: '41228c7621eeecd4e3b7ecad0bbff952') in 0.016861 seconds
Number of updated asset objects reloaded before import = 0
Number of asset objects unloaded after import = 2
========================================================================
Received Import Request.
  Time since last request: 0.000018 seconds.
  path: Assets/Resources/Objects/Audio/words/letterC/candle.mp3
  artifactKey: Guid(6613c4b30fefd0144a7d1381b9cab3f9) Importer(815301076,1909f56bfc062723c751e8b465ee728b)
Start importing Assets/Resources/Objects/Audio/words/letterC/candle.mp3 using Guid(6613c4b30fefd0144a7d1381b9cab3f9) Importer(815301076,1909f56bfc062723c751e8b465ee728b) [PhysX] Initialized MultithreadedTaskDispatcher with 16 workers.
[PhysX] Initialized MultithreadedTaskDispatcher with 16 workers.
 -> (artifact id: 'b448636d8bf84225b574983a77128c53') in 0.016896 seconds
Number of updated asset objects reloaded before import = 0
Number of asset objects unloaded after import = 2
========================================================================
Received Import Request.
  Time since last request: 0.000021 seconds.
  path: Assets/Resources/Objects/Audio/words/letterC/clock.mp3
  artifactKey: Guid(13704603959c3fe449a404d0042cd32b) Importer(815301076,1909f56bfc062723c751e8b465ee728b)
Start importing Assets/Resources/Objects/Audio/words/letterC/clock.mp3 using Guid(13704603959c3fe449a404d0042cd32b) Importer(815301076,1909f56bfc062723c751e8b465ee728b) [PhysX] Initialized MultithreadedTaskDispatcher with 16 workers.
[PhysX] Initialized MultithreadedTaskDispatcher with 16 workers.
 -> (artifact id: '1b1767f4c4469ada8f80b9720f7f48cf') in 0.016200 seconds
Number of updated asset objects reloaded before import = 0
Number of asset objects unloaded after import = 2
========================================================================
Received Import Request.
  Time since last request: 0.000020 seconds.
  path: Assets/Resources/Objects/Audio/words/letterD/dish.mp3
  artifactKey: Guid(2d2e750fd3ba6404382713f155674c9a) Importer(815301076,1909f56bfc062723c751e8b465ee728b)
Start importing Assets/Resources/Objects/Audio/words/letterD/dish.mp3 using Guid(2d2e750fd3ba6404382713f155674c9a) Importer(815301076,1909f56bfc062723c751e8b465ee728b) [PhysX] Initialized MultithreadedTaskDispatcher with 16 workers.
[PhysX] Initialized MultithreadedTaskDispatcher with 16 workers.
 -> (artifact id: '6904efee5f95e5798f93e200b054575b') in 0.188137 seconds
Number of updated asset objects reloaded before import = 0
Number of asset objects unloaded after import = 2
========================================================================
Received Import Request.
  Time since last request: 0.000023 seconds.
  path: Assets/Resources/Objects/Audio/words/letterC/car.mp3
  artifactKey: Guid(ddb42dedefc41e444bd83be0a8cb18a0) Importer(815301076,1909f56bfc062723c751e8b465ee728b)
Start importing Assets/Resources/Objects/Audio/words/letterC/car.mp3 using Guid(ddb42dedefc41e444bd83be0a8cb18a0) Importer(815301076,1909f56bfc062723c751e8b465ee728b) [PhysX] Initialized MultithreadedTaskDispatcher with 16 workers.
[PhysX] Initialized MultithreadedTaskDispatcher with 16 workers.
 -> (artifact id: '6b2a54d5164f2d5cbf98141a13094344') in 0.012764 seconds
Number of updated asset objects reloaded before import = 0
Number of asset objects unloaded after import = 2
========================================================================
Received Import Request.
  Time since last request: 0.000022 seconds.
  path: Assets/Resources/Objects/Audio/words/letterB/bread.mp3
  artifactKey: Guid(611d0f9c9f792d54f8a0398a566826d7) Importer(815301076,1909f56bfc062723c751e8b465ee728b)
Start importing Assets/Resources/Objects/Audio/words/letterB/bread.mp3 using Guid(611d0f9c9f792d54f8a0398a566826d7) Importer(815301076,1909f56bfc062723c751e8b465ee728b) [PhysX] Initialized MultithreadedTaskDispatcher with 16 workers.
[PhysX] Initialized MultithreadedTaskDispatcher with 16 workers.
 -> (artifact id: '58e8fcf3accf572a36e2dc4158bbbc3c') in 0.019065 seconds
Number of updated asset objects reloaded before import = 0
Number of asset objects unloaded after import = 2
========================================================================
Received Import Request.
  Time since last request: 0.000016 seconds.
  path: Assets/Resources/Objects/Audio/letters/c.mp3
  artifactKey: Guid(5a1d784fe4d50474faee76e21b324e97) Importer(815301076,1909f56bfc062723c751e8b465ee728b)
Start importing Assets/Resources/Objects/Audio/letters/c.mp3 using Guid(5a1d784fe4d50474faee76e21b324e97) Importer(815301076,1909f56bfc062723c751e8b465ee728b) [PhysX] Initialized MultithreadedTaskDispatcher with 16 workers.
[PhysX] Initialized MultithreadedTaskDispatcher with 16 workers.
 -> (artifact id: '636285ea1c9d563a16a4b868a77517b6') in 0.045148 seconds
Number of updated asset objects reloaded before import = 0
Number of asset objects unloaded after import = 2
========================================================================
Received Import Request.
  Time since last request: 0.000015 seconds.
  path: Assets/Resources/Objects/Audio/words/letterD/doughnut.mp3
  artifactKey: Guid(fca9759959e709f4d8a51bbcce37240a) Importer(815301076,1909f56bfc062723c751e8b465ee728b)
Start importing Assets/Resources/Objects/Audio/words/letterD/doughnut.mp3 using Guid(fca9759959e709f4d8a51bbcce37240a) Importer(815301076,1909f56bfc062723c751e8b465ee728b) [PhysX] Initialized MultithreadedTaskDispatcher with 16 workers.
[PhysX] Initialized MultithreadedTaskDispatcher with 16 workers.
 -> (artifact id: '1bc00c5eb86667bc645058e813ff897d') in 0.021627 seconds
Number of updated asset objects reloaded before import = 0
Number of asset objects unloaded after import = 2
========================================================================
Received Import Request.
  Time since last request: 0.000015 seconds.
  path: Assets/Resources/Objects/Audio/words/letterC/chair.mp3
  artifactKey: Guid(78e072bddd0cb2541a9038c1772b7aa0) Importer(815301076,1909f56bfc062723c751e8b465ee728b)
Start importing Assets/Resources/Objects/Audio/words/letterC/chair.mp3 using Guid(78e072bddd0cb2541a9038c1772b7aa0) Importer(815301076,1909f56bfc062723c751e8b465ee728b) [PhysX] Initialized MultithreadedTaskDispatcher with 16 workers.
[PhysX] Initialized MultithreadedTaskDispatcher with 16 workers.
 -> (artifact id: 'c0ed2601d7668afbf6d82d39d1cc4a2a') in 0.020820 seconds
Number of updated asset objects reloaded before import = 0
Number of asset objects unloaded after import = 2
========================================================================
Received Import Request.
  Time since last request: 0.000016 seconds.
  path: Assets/Resources/Objects/Audio/words/letterO/oboe.mp3
  artifactKey: Guid(4a285003c9af6f04ca14a1dec09cf662) Importer(815301076,1909f56bfc062723c751e8b465ee728b)
Start importing Assets/Resources/Objects/Audio/words/letterO/oboe.mp3 using Guid(4a285003c9af6f04ca14a1dec09cf662) Importer(815301076,1909f56bfc062723c751e8b465ee728b) [PhysX] Initialized MultithreadedTaskDispatcher with 16 workers.
[PhysX] Initialized MultithreadedTaskDispatcher with 16 workers.
 -> (artifact id: '8ee0597f5d716e9e2aefe639e9df8dc1') in 0.021038 seconds
Number of updated asset objects reloaded before import = 0
Number of asset objects unloaded after import = 2
========================================================================
Received Import Request.
  Time since last request: 0.000014 seconds.
  path: Assets/Resources/Objects/Audio/words/letterO/oval.mp3
  artifactKey: Guid(9774603c3249ec1409beda89de61e17b) Importer(815301076,1909f56bfc062723c751e8b465ee728b)
Start importing Assets/Resources/Objects/Audio/words/letterO/oval.mp3 using Guid(9774603c3249ec1409beda89de61e17b) Importer(815301076,1909f56bfc062723c751e8b465ee728b) [PhysX] Initialized MultithreadedTaskDispatcher with 16 workers.
[PhysX] Initialized MultithreadedTaskDispatcher with 16 workers.
 -> (artifact id: 'c1b89213693b4e4b0c86fe05ab18772f') in 0.022288 seconds
Number of updated asset objects reloaded before import = 0
Number of asset objects unloaded after import = 2
========================================================================
Received Import Request.
  Time since last request: 0.000017 seconds.
  path: Assets/Resources/Objects/Audio/letters/d.mp3
  artifactKey: Guid(87d4c623e00c1d144b9400c50198888d) Importer(815301076,1909f56bfc062723c751e8b465ee728b)
Start importing Assets/Resources/Objects/Audio/letters/d.mp3 using Guid(87d4c623e00c1d144b9400c50198888d) Importer(815301076,1909f56bfc062723c751e8b465ee728b) [PhysX] Initialized MultithreadedTaskDispatcher with 16 workers.
[PhysX] Initialized MultithreadedTaskDispatcher with 16 workers.
 -> (artifact id: 'f216626fc95a7c2291ed76a88534782e') in 0.018908 seconds
Number of updated asset objects reloaded before import = 0
Number of asset objects unloaded after import = 2
========================================================================
Received Prepare
Caller must complete domain reload
Begin MonoManager ReloadAssembly
- Loaded All Assemblies, in  0.317 seconds
Native extension for UWP target not found
Native extension for WindowsStandalone target not found
Native extension for iOS target not found
Native extension for Android target not found
Native extension for WebGL target not found
[Package Manager] Server::EnsureServerProcessIsRunning -- launch failed, reason: Unity was launched with the -noUpm command-line argument
[Package Manager] UpmClient::Send -- Unable to send message (not connected to UPM process).
[Package Manager] Cannot connect to Unity Package Manager local server
Mono: successfully reloaded assembly
- Finished resetting the current domain, in  0.590 seconds
Domain Reload Profiling: 907ms
	BeginReloadAssembly (129ms)
		ExecutionOrderSort (0ms)
		DisableScriptedObjects (4ms)
		BackupInstance (0ms)
		ReleaseScriptingObjects (0ms)
		CreateAndSetChildDomain (26ms)
	RebuildCommonClasses (32ms)
	RebuildNativeTypeToScriptingClass (9ms)
	initialDomainReloadingComplete (22ms)
	LoadAllAssembliesAndSetupDomain (124ms)
		LoadAssemblies (193ms)
		RebuildTransferFunctionScriptingTraits (0ms)
		AnalyzeDomain (7ms)
			TypeCache.Refresh (4ms)
				TypeCache.ScanAssembly (0ms)
			ScanForSourceGeneratedMonoScriptInfo (0ms)
			ResolveRequiredComponents (3ms)
	FinalizeReload (591ms)
		ReleaseScriptCaches (0ms)
		RebuildScriptCaches (0ms)
		SetupLoadedEditorAssemblies (334ms)
			LogAssemblyErrors (0ms)
			InitializePlatformSupportModulesInManaged (29ms)
			SetLoadedEditorAssemblies (3ms)
			RefreshPlugins (0ms)
			BeforeProcessingInitializeOnLoad (36ms)
			ProcessInitializeOnLoadAttributes (221ms)
			ProcessInitializeOnLoadMethodAttributes (43ms)
			AfterProcessingInitializeOnLoad (2ms)
			EditorAssembliesLoaded (0ms)
		ExecutionOrderSort2 (0ms)
		AwakeInstancesAfterBackupRestoration (6ms)
Refreshing native plugins compatible for Editor in 1.99 ms, found 2 plugins.
Preloading 0 native plugins for Editor in 0.00 ms.
Unloading 1558 Unused Serialized files (Serialized files now loaded: 0)
Unloading 9 unused Assets / (25.9 KB). Loaded Objects now: 2353.
Memory consumption went from 160.3 MB to 160.3 MB.
Total: 2.494800 ms (FindLiveObjects: 0.132900 ms CreateObjectMapping: 0.052000 ms MarkObjects: 2.269300 ms  DeleteObjects: 0.039600 ms)

Prepare: number of updated asset objects reloaded= 0
AssetImportParameters requested are different than current active one (requested -> active):
  custom:video-decoder-webm-vp8: 9c59270c3fd7afecdb556c50c9e8de78 -> 
  custom:SearchIndexIgnoredProperties: e643bd26f0fe6173181afceb89e7c659 -> 
  custom:container-demuxer-ogg: 62fdf1f143b41e24485cea50d1cbac27 -> 
  custom:AudioImporter_EditorPlatform: d09bf68614088b80899f8185d706f6e7 -> 
  custom:video-codec-MediaFoundation-h265: e54d7ab0439102e2317fc1e4b246158d -> 
  custom:video-decoder-ogg-theora: a1e56fd34408186e4bbccfd4996cb3dc -> 
  custom:framework-win-MediaFoundation: 216162199b28c13a410421893ffa2e32 -> 
  custom:video-encoder-webm-vp8: eb34c28f22e8b96e1ab97ce403110664 -> 
  custom:audio-decoder-ogg-vorbis: bf7c407c2cedff20999df2af8eb42d56 -> 
  custom:CustomObjectIndexerAttribute: 9a22284fe3817be447336de3de66b15e -> 
  custom:container-demuxer-webm: 4f35f7cbe854078d1ac9338744f61a02 -> 
  custom:audio-encoder-webm-vorbis: bf7c407c2cedff20999df2af8eb42d56 -> 
  custom:scripting/precompiled-assembly-types:Assembly-CSharp: b4b2ebd6c4d4e709071e680d1322e6de -> 05e29247fd5b4226f5a595ebc8235478
  custom:container-muxer-webm: aa71ff27fc2769a1b78a27578f13a17b -> 
