Using pre-set license
Built from '2022.3/staging' branch; Version is '2022.3.41f1 (0f988161febf) revision 1022081'; Using compiler version '192829333'; Build Type 'Release'
OS: 'Windows 11  (10.0.26200) 64bit Enterprise' Language: 'en' Physical Memory: 32683 MB
BatchMode: 1, IsHumanControllingUs: 0, StartBugReporterOnCrash: 0, Is64bit: 1, IsPro: 1

COMMAND LINE ARGUMENTS:
N:\UnityEngineFolder\2022.3.41f1\Editor\Unity.exe
-adb2
-batchMode
-noUpm
-name
AssetImportWorker1
-projectPath
N:/ContractWork_KangarooCrew/alphabet_match/AlphabetMatch.v2
-logFile
Logs/AssetImportWorker1.log
-srvPort
54297
Successfully changed project path to: N:/ContractWork_KangarooCrew/alphabet_match/AlphabetMatch.v2
N:/ContractWork_KangarooCrew/alphabet_match/AlphabetMatch.v2
[UnityMemory] Configuration Parameters - Can be set up in boot.config
    "memorysetup-bucket-allocator-granularity=16"
    "memorysetup-bucket-allocator-bucket-count=8"
    "memorysetup-bucket-allocator-block-size=33554432"
    "memorysetup-bucket-allocator-block-count=8"
    "memorysetup-main-allocator-block-size=16777216"
    "memorysetup-thread-allocator-block-size=16777216"
    "memorysetup-gfx-main-allocator-block-size=16777216"
    "memorysetup-gfx-thread-allocator-block-size=16777216"
    "memorysetup-cache-allocator-block-size=4194304"
    "memorysetup-typetree-allocator-block-size=2097152"
    "memorysetup-profiler-bucket-allocator-granularity=16"
    "memorysetup-profiler-bucket-allocator-bucket-count=8"
    "memorysetup-profiler-bucket-allocator-block-size=33554432"
    "memorysetup-profiler-bucket-allocator-block-count=8"
    "memorysetup-profiler-allocator-block-size=16777216"
    "memorysetup-profiler-editor-allocator-block-size=1048576"
    "memorysetup-temp-allocator-size-main=16777216"
    "memorysetup-job-temp-allocator-block-size=2097152"
    "memorysetup-job-temp-allocator-block-size-background=1048576"
    "memorysetup-job-temp-allocator-reduction-small-platforms=262144"
    "memorysetup-allocator-temp-initial-block-size-main=262144"
    "memorysetup-allocator-temp-initial-block-size-worker=262144"
    "memorysetup-temp-allocator-size-background-worker=32768"
    "memorysetup-temp-allocator-size-job-worker=262144"
    "memorysetup-temp-allocator-size-preload-manager=33554432"
    "memorysetup-temp-allocator-size-nav-mesh-worker=65536"
    "memorysetup-temp-allocator-size-audio-worker=65536"
    "memorysetup-temp-allocator-size-cloud-worker=32768"
    "memorysetup-temp-allocator-size-gi-baking-worker=262144"
    "memorysetup-temp-allocator-size-gfx=262144"
Player connection [8548]  Target information:

Player connection [8548]  * "[IP] 192.168.1.166 [Port] 0 [Flags] 2 [Guid] 3678671318 [EditorId] 3678671318 [Version] 1048832 [Id] WindowsEditor(7,DESKTOP-SVL8OV7) [Debug] 1 [PackageName] WindowsEditor [ProjectName] Editor" 

Player connection [8548] Host joined multi-casting on [225.0.0.222:54997]...
Player connection [8548] Host joined alternative multi-casting on [225.0.0.222:34997]...
[PhysX] Initialized MultithreadedTaskDispatcher with 16 workers.
Refreshing native plugins compatible for Editor in 4.04 ms, found 2 plugins.
Preloading 0 native plugins for Editor in 0.00 ms.
Initialize engine version: 2022.3.41f1 (0f988161febf)
[Subsystems] Discovering subsystems at path N:/UnityEngineFolder/2022.3.41f1/Editor/Data/Resources/UnitySubsystems
[Subsystems] Discovering subsystems at path N:/ContractWork_KangarooCrew/alphabet_match/AlphabetMatch.v2/Assets
GfxDevice: creating device client; threaded=0; jobified=0
Direct3D:
    Version:  Direct3D 11.0 [level 11.1]
    Renderer: NVIDIA GeForce RTX 3070 (ID=0x2484)
    Vendor:   NVIDIA
    VRAM:     8018 MB
    Driver:   32.0.15.9174
Initialize mono
Mono path[0] = 'N:/UnityEngineFolder/2022.3.41f1/Editor/Data/Managed'
Mono path[1] = 'N:/UnityEngineFolder/2022.3.41f1/Editor/Data/MonoBleedingEdge/lib/mono/unityjit-win32'
Mono config path = 'N:/UnityEngineFolder/2022.3.41f1/Editor/Data/MonoBleedingEdge/etc'
Using monoOptions --debugger-agent=transport=dt_socket,embedding=1,server=y,suspend=n,address=127.0.0.1:56040
Begin MonoManager ReloadAssembly
Registering precompiled unity dll's ...
Register platform support module: N:/UnityEngineFolder/2022.3.41f1/Editor/Data/PlaybackEngines/WebGLSupport/UnityEditor.WebGL.Extensions.dll
Register platform support module: N:/UnityEngineFolder/2022.3.41f1/Editor/Data/PlaybackEngines/AndroidPlayer/UnityEditor.Android.Extensions.dll
Register platform support module: N:/UnityEngineFolder/2022.3.41f1/Editor/Data/PlaybackEngines/iOSSupport/UnityEditor.iOS.Extensions.dll
Register platform support module: N:/UnityEngineFolder/2022.3.41f1/Editor/Data/PlaybackEngines/WindowsStandaloneSupport/UnityEditor.WindowsStandalone.Extensions.dll
Register platform support module: N:/UnityEngineFolder/2022.3.41f1/Editor/Data/PlaybackEngines/MetroSupport/UnityEditor.UWP.Extensions.dll
Registered in 0.005937 seconds.
- Loaded All Assemblies, in  0.262 seconds
Native extension for UWP target not found
Native extension for WindowsStandalone target not found
[usbmuxd] Start listen thread
[usbmuxd] Listen thread started
[usbmuxd] Send listen message
Native extension for iOS target not found
Native extension for Android target not found
Android Extension - Scanning For ADB Devices 240 ms
Native extension for WebGL target not found
Mono: successfully reloaded assembly
- Finished resetting the current domain, in  0.584 seconds
Domain Reload Profiling: 846ms
	BeginReloadAssembly (73ms)
		ExecutionOrderSort (0ms)
		DisableScriptedObjects (0ms)
		BackupInstance (0ms)
		ReleaseScriptingObjects (0ms)
		CreateAndSetChildDomain (1ms)
	RebuildCommonClasses (25ms)
	RebuildNativeTypeToScriptingClass (8ms)
	initialDomainReloadingComplete (40ms)
	LoadAllAssembliesAndSetupDomain (116ms)
		LoadAssemblies (74ms)
		RebuildTransferFunctionScriptingTraits (0ms)
		AnalyzeDomain (113ms)
			TypeCache.Refresh (112ms)
				TypeCache.ScanAssembly (99ms)
			ScanForSourceGeneratedMonoScriptInfo (0ms)
			ResolveRequiredComponents (1ms)
	FinalizeReload (584ms)
		ReleaseScriptCaches (0ms)
		RebuildScriptCaches (0ms)
		SetupLoadedEditorAssemblies (537ms)
			LogAssemblyErrors (0ms)
			InitializePlatformSupportModulesInManaged (378ms)
			SetLoadedEditorAssemblies (3ms)
			RefreshPlugins (0ms)
			BeforeProcessingInitializeOnLoad (2ms)
			ProcessInitializeOnLoadAttributes (110ms)
			ProcessInitializeOnLoadMethodAttributes (44ms)
			AfterProcessingInitializeOnLoad (0ms)
			EditorAssembliesLoaded (0ms)
		ExecutionOrderSort2 (0ms)
		AwakeInstancesAfterBackupRestoration (0ms)
========================================================================
Worker process is ready to serve import requests
Caller must complete domain reload
Begin MonoManager ReloadAssembly
- Loaded All Assemblies, in  0.449 seconds
Native extension for UWP target not found
Native extension for WindowsStandalone target not found
Native extension for iOS target not found
Native extension for Android target not found
Native extension for WebGL target not found
Package Manager log level set to [2]
[Package Manager] Server::EnsureServerProcessIsRunning -- launch failed, reason: Unity was launched with the -noUpm command-line argument
[Package Manager] UpmClient::Send -- Unable to send message (not connected to UPM process).
[Package Manager] Cannot connect to Unity Package Manager local server
Mono: successfully reloaded assembly
- Finished resetting the current domain, in  0.574 seconds
Domain Reload Profiling: 1023ms
	BeginReloadAssembly (146ms)
		ExecutionOrderSort (0ms)
		DisableScriptedObjects (7ms)
		BackupInstance (0ms)
		ReleaseScriptingObjects (0ms)
		CreateAndSetChildDomain (23ms)
	RebuildCommonClasses (38ms)
	RebuildNativeTypeToScriptingClass (11ms)
	initialDomainReloadingComplete (36ms)
	LoadAllAssembliesAndSetupDomain (218ms)
		LoadAssemblies (205ms)
		RebuildTransferFunctionScriptingTraits (0ms)
		AnalyzeDomain (93ms)
			TypeCache.Refresh (82ms)
				TypeCache.ScanAssembly (68ms)
			ScanForSourceGeneratedMonoScriptInfo (8ms)
			ResolveRequiredComponents (2ms)
	FinalizeReload (575ms)
		ReleaseScriptCaches (0ms)
		RebuildScriptCaches (0ms)
		SetupLoadedEditorAssemblies (426ms)
			LogAssemblyErrors (0ms)
			InitializePlatformSupportModulesInManaged (30ms)
			SetLoadedEditorAssemblies (3ms)
			RefreshPlugins (0ms)
			BeforeProcessingInitializeOnLoad (40ms)
			ProcessInitializeOnLoadAttributes (293ms)
			ProcessInitializeOnLoadMethodAttributes (58ms)
			AfterProcessingInitializeOnLoad (2ms)
			EditorAssembliesLoaded (0ms)
		ExecutionOrderSort2 (0ms)
		AwakeInstancesAfterBackupRestoration (6ms)
Launched and connected shader compiler UnityShaderCompiler.exe after 0.06 seconds
Refreshing native plugins compatible for Editor in 1.90 ms, found 2 plugins.
Preloading 0 native plugins for Editor in 0.00 ms.
Unloading 1581 Unused Serialized files (Serialized files now loaded: 0)
Unloading 14 unused Assets / (43.8 KB). Loaded Objects now: 2060.
Memory consumption went from 94.6 MB to 94.6 MB.
Total: 3.429000 ms (FindLiveObjects: 0.227400 ms CreateObjectMapping: 0.089100 ms MarkObjects: 3.001100 ms  DeleteObjects: 0.110000 ms)

AssetImportParameters requested are different than current active one (requested -> active):
  custom:video-decoder-webm-vp8: 9c59270c3fd7afecdb556c50c9e8de78 -> 
  custom:SearchIndexIgnoredProperties: e643bd26f0fe6173181afceb89e7c659 -> 
  custom:container-demuxer-ogg: 62fdf1f143b41e24485cea50d1cbac27 -> 
  custom:AudioImporter_EditorPlatform: d09bf68614088b80899f8185d706f6e7 -> 
  custom:video-codec-MediaFoundation-h265: e54d7ab0439102e2317fc1e4b246158d -> 
  custom:video-decoder-ogg-theora: a1e56fd34408186e4bbccfd4996cb3dc -> 
  custom:framework-win-MediaFoundation: 216162199b28c13a410421893ffa2e32 -> 
  custom:video-encoder-webm-vp8: eb34c28f22e8b96e1ab97ce403110664 -> 
  custom:audio-decoder-ogg-vorbis: bf7c407c2cedff20999df2af8eb42d56 -> 
  custom:CustomObjectIndexerAttribute: 9a22284fe3817be447336de3de66b15e -> 
  custom:container-demuxer-webm: 4f35f7cbe854078d1ac9338744f61a02 -> 
  custom:audio-encoder-webm-vorbis: bf7c407c2cedff20999df2af8eb42d56 -> 
  custom:container-muxer-webm: aa71ff27fc2769a1b78a27578f13a17b -> 
========================================================================
Received Import Request.
  Time since last request: 695828.042742 seconds.
  path: Assets/AlphabetMatch/Scripts/Stars.cs
  artifactKey: Guid(3d8f558ac94e4234280914590f75fc79) Importer(815301076,1909f56bfc062723c751e8b465ee728b)
Start importing Assets/AlphabetMatch/Scripts/Stars.cs using Guid(3d8f558ac94e4234280914590f75fc79) Importer(815301076,1909f56bfc062723c751e8b465ee728b) [PhysX] Initialized MultithreadedTaskDispatcher with 16 workers.
 -> (artifact id: 'ae80b32b0a9e52751f6e9361d827d6cc') in 0.003132 seconds
Number of updated asset objects reloaded before import = 0
Number of asset objects unloaded after import = 0
========================================================================
Received Prepare
Caller must complete domain reload
Begin MonoManager ReloadAssembly
- Loaded All Assemblies, in  0.258 seconds
Native extension for UWP target not found
Native extension for WindowsStandalone target not found
Native extension for iOS target not found
Native extension for Android target not found
Native extension for WebGL target not found
[Package Manager] Server::EnsureServerProcessIsRunning -- launch failed, reason: Unity was launched with the -noUpm command-line argument
[Package Manager] UpmClient::Send -- Unable to send message (not connected to UPM process).
[Package Manager] Cannot connect to Unity Package Manager local server
Mono: successfully reloaded assembly
- Finished resetting the current domain, in  0.589 seconds
Domain Reload Profiling: 847ms
	BeginReloadAssembly (106ms)
		ExecutionOrderSort (0ms)
		DisableScriptedObjects (4ms)
		BackupInstance (0ms)
		ReleaseScriptingObjects (0ms)
		CreateAndSetChildDomain (24ms)
	RebuildCommonClasses (24ms)
	RebuildNativeTypeToScriptingClass (8ms)
	initialDomainReloadingComplete (20ms)
	LoadAllAssembliesAndSetupDomain (100ms)
		LoadAssemblies (142ms)
		RebuildTransferFunctionScriptingTraits (0ms)
		AnalyzeDomain (14ms)
			TypeCache.Refresh (6ms)
				TypeCache.ScanAssembly (1ms)
			ScanForSourceGeneratedMonoScriptInfo (5ms)
			ResolveRequiredComponents (2ms)
	FinalizeReload (589ms)
		ReleaseScriptCaches (0ms)
		RebuildScriptCaches (0ms)
		SetupLoadedEditorAssemblies (289ms)
			LogAssemblyErrors (0ms)
			InitializePlatformSupportModulesInManaged (25ms)
			SetLoadedEditorAssemblies (2ms)
			RefreshPlugins (0ms)
			BeforeProcessingInitializeOnLoad (31ms)
			ProcessInitializeOnLoadAttributes (190ms)
			ProcessInitializeOnLoadMethodAttributes (39ms)
			AfterProcessingInitializeOnLoad (2ms)
			EditorAssembliesLoaded (0ms)
		ExecutionOrderSort2 (0ms)
		AwakeInstancesAfterBackupRestoration (5ms)
Refreshing native plugins compatible for Editor in 1.59 ms, found 2 plugins.
Preloading 0 native plugins for Editor in 0.00 ms.
Unloading 1577 Unused Serialized files (Serialized files now loaded: 0)
Unloading 9 unused Assets / (25.9 KB). Loaded Objects now: 2315.
Memory consumption went from 154.5 MB to 154.5 MB.
Total: 2.578600 ms (FindLiveObjects: 0.113300 ms CreateObjectMapping: 0.051500 ms MarkObjects: 2.384500 ms  DeleteObjects: 0.028600 ms)

Prepare: number of updated asset objects reloaded= 0
AssetImportParameters requested are different than current active one (requested -> active):
  custom:video-decoder-webm-vp8: 9c59270c3fd7afecdb556c50c9e8de78 -> 
  custom:SearchIndexIgnoredProperties: e643bd26f0fe6173181afceb89e7c659 -> 
  custom:container-demuxer-ogg: 62fdf1f143b41e24485cea50d1cbac27 -> 
  custom:AudioImporter_EditorPlatform: d09bf68614088b80899f8185d706f6e7 -> 
  custom:video-codec-MediaFoundation-h265: e54d7ab0439102e2317fc1e4b246158d -> 
  custom:video-decoder-ogg-theora: a1e56fd34408186e4bbccfd4996cb3dc -> 
  custom:framework-win-MediaFoundation: 216162199b28c13a410421893ffa2e32 -> 
  custom:video-encoder-webm-vp8: eb34c28f22e8b96e1ab97ce403110664 -> 
  custom:audio-decoder-ogg-vorbis: bf7c407c2cedff20999df2af8eb42d56 -> 
  custom:CustomObjectIndexerAttribute: 9a22284fe3817be447336de3de66b15e -> 
  custom:container-demuxer-webm: 4f35f7cbe854078d1ac9338744f61a02 -> 
  custom:audio-encoder-webm-vorbis: bf7c407c2cedff20999df2af8eb42d56 -> 
  custom:container-muxer-webm: aa71ff27fc2769a1b78a27578f13a17b -> 
========================================================================
Received Import Request.
  Time since last request: 571.405546 seconds.
  path: Assets/AlphabetMatch/Scripts/Stars.cs
  artifactKey: Guid(3d8f558ac94e4234280914590f75fc79) Importer(815301076,1909f56bfc062723c751e8b465ee728b)
Start importing Assets/AlphabetMatch/Scripts/Stars.cs using Guid(3d8f558ac94e4234280914590f75fc79) Importer(815301076,1909f56bfc062723c751e8b465ee728b) [PhysX] Initialized MultithreadedTaskDispatcher with 16 workers.
 -> (artifact id: 'e32b8d234a0fdd2ee08d423b047cb34f') in 0.002691 seconds
Number of updated asset objects reloaded before import = 0
Number of asset objects unloaded after import = 0
========================================================================
Received Prepare
Caller must complete domain reload
Begin MonoManager ReloadAssembly
- Loaded All Assemblies, in  0.249 seconds
Native extension for UWP target not found
Native extension for WindowsStandalone target not found
Native extension for iOS target not found
Native extension for Android target not found
Native extension for WebGL target not found
[Package Manager] Server::EnsureServerProcessIsRunning -- launch failed, reason: Unity was launched with the -noUpm command-line argument
[Package Manager] UpmClient::Send -- Unable to send message (not connected to UPM process).
[Package Manager] Cannot connect to Unity Package Manager local server
Mono: successfully reloaded assembly
- Finished resetting the current domain, in  0.581 seconds
Domain Reload Profiling: 830ms
	BeginReloadAssembly (107ms)
		ExecutionOrderSort (0ms)
		DisableScriptedObjects (4ms)
		BackupInstance (0ms)
		ReleaseScriptingObjects (0ms)
		CreateAndSetChildDomain (22ms)
	RebuildCommonClasses (24ms)
	RebuildNativeTypeToScriptingClass (7ms)
	initialDomainReloadingComplete (16ms)
	LoadAllAssembliesAndSetupDomain (94ms)
		LoadAssemblies (145ms)
		RebuildTransferFunctionScriptingTraits (0ms)
		AnalyzeDomain (7ms)
			TypeCache.Refresh (3ms)
				TypeCache.ScanAssembly (0ms)
			ScanForSourceGeneratedMonoScriptInfo (0ms)
			ResolveRequiredComponents (2ms)
	FinalizeReload (581ms)
		ReleaseScriptCaches (0ms)
		RebuildScriptCaches (0ms)
		SetupLoadedEditorAssemblies (325ms)
			LogAssemblyErrors (0ms)
			InitializePlatformSupportModulesInManaged (30ms)
			SetLoadedEditorAssemblies (2ms)
			RefreshPlugins (0ms)
			BeforeProcessingInitializeOnLoad (37ms)
			ProcessInitializeOnLoadAttributes (211ms)
			ProcessInitializeOnLoadMethodAttributes (43ms)
			AfterProcessingInitializeOnLoad (2ms)
			EditorAssembliesLoaded (0ms)
		ExecutionOrderSort2 (0ms)
		AwakeInstancesAfterBackupRestoration (7ms)
Refreshing native plugins compatible for Editor in 1.80 ms, found 2 plugins.
Preloading 0 native plugins for Editor in 0.00 ms.
Unloading 1560 Unused Serialized files (Serialized files now loaded: 0)
Unloading 9 unused Assets / (25.9 KB). Loaded Objects now: 2320.
Memory consumption went from 160.5 MB to 160.4 MB.
Total: 2.451700 ms (FindLiveObjects: 0.132000 ms CreateObjectMapping: 0.054500 ms MarkObjects: 2.236300 ms  DeleteObjects: 0.028400 ms)

Prepare: number of updated asset objects reloaded= 0
AssetImportParameters requested are different than current active one (requested -> active):
  custom:video-decoder-webm-vp8: 9c59270c3fd7afecdb556c50c9e8de78 -> 
  custom:SearchIndexIgnoredProperties: e643bd26f0fe6173181afceb89e7c659 -> 
  custom:container-demuxer-ogg: 62fdf1f143b41e24485cea50d1cbac27 -> 
  custom:AudioImporter_EditorPlatform: d09bf68614088b80899f8185d706f6e7 -> 
  custom:video-codec-MediaFoundation-h265: e54d7ab0439102e2317fc1e4b246158d -> 
  custom:video-decoder-ogg-theora: a1e56fd34408186e4bbccfd4996cb3dc -> 
  custom:framework-win-MediaFoundation: 216162199b28c13a410421893ffa2e32 -> 
  custom:video-encoder-webm-vp8: eb34c28f22e8b96e1ab97ce403110664 -> 
  custom:audio-decoder-ogg-vorbis: bf7c407c2cedff20999df2af8eb42d56 -> 
  custom:CustomObjectIndexerAttribute: 9a22284fe3817be447336de3de66b15e -> 
  custom:container-demuxer-webm: 4f35f7cbe854078d1ac9338744f61a02 -> 
  custom:audio-encoder-webm-vorbis: bf7c407c2cedff20999df2af8eb42d56 -> 
  custom:container-muxer-webm: aa71ff27fc2769a1b78a27578f13a17b -> 
========================================================================
Received Prepare
Caller must complete domain reload
Begin MonoManager ReloadAssembly
- Loaded All Assemblies, in  0.269 seconds
Native extension for UWP target not found
Native extension for WindowsStandalone target not found
Native extension for iOS target not found
Native extension for Android target not found
Native extension for WebGL target not found
[Package Manager] Server::EnsureServerProcessIsRunning -- launch failed, reason: Unity was launched with the -noUpm command-line argument
[Package Manager] UpmClient::Send -- Unable to send message (not connected to UPM process).
[Package Manager] Cannot connect to Unity Package Manager local server
Mono: successfully reloaded assembly
- Finished resetting the current domain, in  0.534 seconds
Domain Reload Profiling: 802ms
	BeginReloadAssembly (112ms)
		ExecutionOrderSort (0ms)
		DisableScriptedObjects (4ms)
		BackupInstance (0ms)
		ReleaseScriptingObjects (0ms)
		CreateAndSetChildDomain (22ms)
	RebuildCommonClasses (28ms)
	RebuildNativeTypeToScriptingClass (10ms)
	initialDomainReloadingComplete (17ms)
	LoadAllAssembliesAndSetupDomain (101ms)
		LoadAssemblies (150ms)
		RebuildTransferFunctionScriptingTraits (0ms)
		AnalyzeDomain (15ms)
			TypeCache.Refresh (6ms)
				TypeCache.ScanAssembly (1ms)
			ScanForSourceGeneratedMonoScriptInfo (6ms)
			ResolveRequiredComponents (3ms)
	FinalizeReload (534ms)
		ReleaseScriptCaches (0ms)
		RebuildScriptCaches (0ms)
		SetupLoadedEditorAssemblies (290ms)
			LogAssemblyErrors (0ms)
			InitializePlatformSupportModulesInManaged (25ms)
			SetLoadedEditorAssemblies (2ms)
			RefreshPlugins (0ms)
			BeforeProcessingInitializeOnLoad (32ms)
			ProcessInitializeOnLoadAttributes (190ms)
			ProcessInitializeOnLoadMethodAttributes (39ms)
			AfterProcessingInitializeOnLoad (2ms)
			EditorAssembliesLoaded (0ms)
		ExecutionOrderSort2 (0ms)
		AwakeInstancesAfterBackupRestoration (6ms)
Refreshing native plugins compatible for Editor in 1.55 ms, found 2 plugins.
Preloading 0 native plugins for Editor in 0.00 ms.
Unloading 1559 Unused Serialized files (Serialized files now loaded: 0)
Unloading 9 unused Assets / (25.9 KB). Loaded Objects now: 2323.
Memory consumption went from 160.3 MB to 160.3 MB.
Total: 2.537000 ms (FindLiveObjects: 0.124600 ms CreateObjectMapping: 0.035100 ms MarkObjects: 2.351100 ms  DeleteObjects: 0.025600 ms)

Prepare: number of updated asset objects reloaded= 0
AssetImportParameters requested are different than current active one (requested -> active):
  custom:video-decoder-webm-vp8: 9c59270c3fd7afecdb556c50c9e8de78 -> 
  custom:SearchIndexIgnoredProperties: e643bd26f0fe6173181afceb89e7c659 -> 
  custom:container-demuxer-ogg: 62fdf1f143b41e24485cea50d1cbac27 -> 
  custom:AudioImporter_EditorPlatform: d09bf68614088b80899f8185d706f6e7 -> 
  custom:video-codec-MediaFoundation-h265: e54d7ab0439102e2317fc1e4b246158d -> 
  custom:video-decoder-ogg-theora: a1e56fd34408186e4bbccfd4996cb3dc -> 
  custom:framework-win-MediaFoundation: 216162199b28c13a410421893ffa2e32 -> 
  custom:video-encoder-webm-vp8: eb34c28f22e8b96e1ab97ce403110664 -> 
  custom:audio-decoder-ogg-vorbis: bf7c407c2cedff20999df2af8eb42d56 -> 
  custom:CustomObjectIndexerAttribute: 9a22284fe3817be447336de3de66b15e -> 
  custom:container-demuxer-webm: 4f35f7cbe854078d1ac9338744f61a02 -> 
  custom:audio-encoder-webm-vorbis: bf7c407c2cedff20999df2af8eb42d56 -> 
  custom:container-muxer-webm: aa71ff27fc2769a1b78a27578f13a17b -> 
========================================================================
Received Prepare
Caller must complete domain reload
Begin MonoManager ReloadAssembly
- Loaded All Assemblies, in  0.254 seconds
Native extension for UWP target not found
Native extension for WindowsStandalone target not found
Native extension for iOS target not found
Native extension for Android target not found
Native extension for WebGL target not found
[Package Manager] Server::EnsureServerProcessIsRunning -- launch failed, reason: Unity was launched with the -noUpm command-line argument
[Package Manager] UpmClient::Send -- Unable to send message (not connected to UPM process).
[Package Manager] Cannot connect to Unity Package Manager local server
Mono: successfully reloaded assembly
- Finished resetting the current domain, in  0.562 seconds
Domain Reload Profiling: 817ms
	BeginReloadAssembly (108ms)
		ExecutionOrderSort (0ms)
		DisableScriptedObjects (5ms)
		BackupInstance (0ms)
		ReleaseScriptingObjects (0ms)
		CreateAndSetChildDomain (22ms)
	RebuildCommonClasses (24ms)
	RebuildNativeTypeToScriptingClass (8ms)
	initialDomainReloadingComplete (17ms)
	LoadAllAssembliesAndSetupDomain (97ms)
		LoadAssemblies (147ms)
		RebuildTransferFunctionScriptingTraits (0ms)
		AnalyzeDomain (10ms)
			TypeCache.Refresh (4ms)
				TypeCache.ScanAssembly (0ms)
			ScanForSourceGeneratedMonoScriptInfo (0ms)
			ResolveRequiredComponents (4ms)
	FinalizeReload (563ms)
		ReleaseScriptCaches (0ms)
		RebuildScriptCaches (0ms)
		SetupLoadedEditorAssemblies (316ms)
			LogAssemblyErrors (0ms)
			InitializePlatformSupportModulesInManaged (25ms)
			SetLoadedEditorAssemblies (2ms)
			RefreshPlugins (0ms)
			BeforeProcessingInitializeOnLoad (33ms)
			ProcessInitializeOnLoadAttributes (212ms)
			ProcessInitializeOnLoadMethodAttributes (41ms)
			AfterProcessingInitializeOnLoad (2ms)
			EditorAssembliesLoaded (0ms)
		ExecutionOrderSort2 (0ms)
		AwakeInstancesAfterBackupRestoration (7ms)
Refreshing native plugins compatible for Editor in 1.55 ms, found 2 plugins.
Preloading 0 native plugins for Editor in 0.00 ms.
Unloading 1559 Unused Serialized files (Serialized files now loaded: 0)
Unloading 9 unused Assets / (25.9 KB). Loaded Objects now: 2326.
Memory consumption went from 160.3 MB to 160.3 MB.
Total: 2.249300 ms (FindLiveObjects: 0.114500 ms CreateObjectMapping: 0.042000 ms MarkObjects: 2.061300 ms  DeleteObjects: 0.030600 ms)

Prepare: number of updated asset objects reloaded= 0
AssetImportParameters requested are different than current active one (requested -> active):
  custom:video-decoder-webm-vp8: 9c59270c3fd7afecdb556c50c9e8de78 -> 
  custom:SearchIndexIgnoredProperties: e643bd26f0fe6173181afceb89e7c659 -> 
  custom:container-demuxer-ogg: 62fdf1f143b41e24485cea50d1cbac27 -> 
  custom:AudioImporter_EditorPlatform: d09bf68614088b80899f8185d706f6e7 -> 
  custom:video-codec-MediaFoundation-h265: e54d7ab0439102e2317fc1e4b246158d -> 
  custom:video-decoder-ogg-theora: a1e56fd34408186e4bbccfd4996cb3dc -> 
  custom:framework-win-MediaFoundation: 216162199b28c13a410421893ffa2e32 -> 
  custom:video-encoder-webm-vp8: eb34c28f22e8b96e1ab97ce403110664 -> 
  custom:audio-decoder-ogg-vorbis: bf7c407c2cedff20999df2af8eb42d56 -> 
  custom:CustomObjectIndexerAttribute: 9a22284fe3817be447336de3de66b15e -> 
  custom:container-demuxer-webm: 4f35f7cbe854078d1ac9338744f61a02 -> 
  custom:audio-encoder-webm-vorbis: bf7c407c2cedff20999df2af8eb42d56 -> 
  custom:container-muxer-webm: aa71ff27fc2769a1b78a27578f13a17b -> 
========================================================================
Received Prepare
Caller must complete domain reload
Begin MonoManager ReloadAssembly
- Loaded All Assemblies, in  0.326 seconds
Native extension for UWP target not found
Native extension for WindowsStandalone target not found
Native extension for iOS target not found
Native extension for Android target not found
Native extension for WebGL target not found
[Package Manager] Server::EnsureServerProcessIsRunning -- launch failed, reason: Unity was launched with the -noUpm command-line argument
[Package Manager] UpmClient::Send -- Unable to send message (not connected to UPM process).
[Package Manager] Cannot connect to Unity Package Manager local server
Mono: successfully reloaded assembly
- Finished resetting the current domain, in  0.716 seconds
Domain Reload Profiling: 1042ms
	BeginReloadAssembly (129ms)
		ExecutionOrderSort (0ms)
		DisableScriptedObjects (6ms)
		BackupInstance (0ms)
		ReleaseScriptingObjects (0ms)
		CreateAndSetChildDomain (27ms)
	RebuildCommonClasses (25ms)
	RebuildNativeTypeToScriptingClass (8ms)
	initialDomainReloadingComplete (22ms)
	LoadAllAssembliesAndSetupDomain (142ms)
		LoadAssemblies (190ms)
		RebuildTransferFunctionScriptingTraits (0ms)
		AnalyzeDomain (21ms)
			TypeCache.Refresh (8ms)
				TypeCache.ScanAssembly (1ms)
			ScanForSourceGeneratedMonoScriptInfo (7ms)
			ResolveRequiredComponents (4ms)
	FinalizeReload (717ms)
		ReleaseScriptCaches (0ms)
		RebuildScriptCaches (0ms)
		SetupLoadedEditorAssemblies (409ms)
			LogAssemblyErrors (0ms)
			InitializePlatformSupportModulesInManaged (33ms)
			SetLoadedEditorAssemblies (3ms)
			RefreshPlugins (0ms)
			BeforeProcessingInitializeOnLoad (45ms)
			ProcessInitializeOnLoadAttributes (267ms)
			ProcessInitializeOnLoadMethodAttributes (57ms)
			AfterProcessingInitializeOnLoad (3ms)
			EditorAssembliesLoaded (0ms)
		ExecutionOrderSort2 (0ms)
		AwakeInstancesAfterBackupRestoration (9ms)
Refreshing native plugins compatible for Editor in 1.94 ms, found 2 plugins.
Preloading 0 native plugins for Editor in 0.00 ms.
Unloading 1559 Unused Serialized files (Serialized files now loaded: 0)
Unloading 9 unused Assets / (26.0 KB). Loaded Objects now: 2329.
Memory consumption went from 160.3 MB to 160.3 MB.
Total: 2.346200 ms (FindLiveObjects: 0.117200 ms CreateObjectMapping: 0.044800 ms MarkObjects: 2.151200 ms  DeleteObjects: 0.032200 ms)

Prepare: number of updated asset objects reloaded= 0
AssetImportParameters requested are different than current active one (requested -> active):
  custom:video-decoder-webm-vp8: 9c59270c3fd7afecdb556c50c9e8de78 -> 
  custom:SearchIndexIgnoredProperties: e643bd26f0fe6173181afceb89e7c659 -> 
  custom:container-demuxer-ogg: 62fdf1f143b41e24485cea50d1cbac27 -> 
  custom:AudioImporter_EditorPlatform: d09bf68614088b80899f8185d706f6e7 -> 
  custom:video-codec-MediaFoundation-h265: e54d7ab0439102e2317fc1e4b246158d -> 
  custom:video-decoder-ogg-theora: a1e56fd34408186e4bbccfd4996cb3dc -> 
  custom:framework-win-MediaFoundation: 216162199b28c13a410421893ffa2e32 -> 
  custom:video-encoder-webm-vp8: eb34c28f22e8b96e1ab97ce403110664 -> 
  custom:audio-decoder-ogg-vorbis: bf7c407c2cedff20999df2af8eb42d56 -> 
  custom:CustomObjectIndexerAttribute: 9a22284fe3817be447336de3de66b15e -> 
  custom:container-demuxer-webm: 4f35f7cbe854078d1ac9338744f61a02 -> 
  custom:audio-encoder-webm-vorbis: bf7c407c2cedff20999df2af8eb42d56 -> 
  custom:container-muxer-webm: aa71ff27fc2769a1b78a27578f13a17b -> 
========================================================================
Received Import Request.
  Time since last request: 388.138655 seconds.
  path: Assets/AlphabetMatch/Scripts/Stars.cs
  artifactKey: Guid(3d8f558ac94e4234280914590f75fc79) Importer(815301076,1909f56bfc062723c751e8b465ee728b)
Start importing Assets/AlphabetMatch/Scripts/Stars.cs using Guid(3d8f558ac94e4234280914590f75fc79) Importer(815301076,1909f56bfc062723c751e8b465ee728b) [PhysX] Initialized MultithreadedTaskDispatcher with 16 workers.
 -> (artifact id: '1f96c4f42c6bd712b6e425ba313f246d') in 0.005285 seconds
Number of updated asset objects reloaded before import = 0
Number of asset objects unloaded after import = 0
========================================================================
Received Prepare
Caller must complete domain reload
Begin MonoManager ReloadAssembly
- Loaded All Assemblies, in  0.257 seconds
Native extension for UWP target not found
Native extension for WindowsStandalone target not found
Native extension for iOS target not found
Native extension for Android target not found
Native extension for WebGL target not found
[Package Manager] Server::EnsureServerProcessIsRunning -- launch failed, reason: Unity was launched with the -noUpm command-line argument
[Package Manager] UpmClient::Send -- Unable to send message (not connected to UPM process).
[Package Manager] Cannot connect to Unity Package Manager local server
Mono: successfully reloaded assembly
- Finished resetting the current domain, in  0.559 seconds
Domain Reload Profiling: 816ms
	BeginReloadAssembly (112ms)
		ExecutionOrderSort (0ms)
		DisableScriptedObjects (5ms)
		BackupInstance (0ms)
		ReleaseScriptingObjects (0ms)
		CreateAndSetChildDomain (28ms)
	RebuildCommonClasses (24ms)
	RebuildNativeTypeToScriptingClass (8ms)
	initialDomainReloadingComplete (17ms)
	LoadAllAssembliesAndSetupDomain (96ms)
		LoadAssemblies (145ms)
		RebuildTransferFunctionScriptingTraits (0ms)
		AnalyzeDomain (7ms)
			TypeCache.Refresh (4ms)
				TypeCache.ScanAssembly (0ms)
			ScanForSourceGeneratedMonoScriptInfo (0ms)
			ResolveRequiredComponents (3ms)
	FinalizeReload (560ms)
		ReleaseScriptCaches (0ms)
		RebuildScriptCaches (0ms)
		SetupLoadedEditorAssemblies (315ms)
			LogAssemblyErrors (0ms)
			InitializePlatformSupportModulesInManaged (25ms)
			SetLoadedEditorAssemblies (3ms)
			RefreshPlugins (0ms)
			BeforeProcessingInitializeOnLoad (32ms)
			ProcessInitializeOnLoadAttributes (210ms)
			ProcessInitializeOnLoadMethodAttributes (42ms)
			AfterProcessingInitializeOnLoad (2ms)
			EditorAssembliesLoaded (0ms)
		ExecutionOrderSort2 (0ms)
		AwakeInstancesAfterBackupRestoration (7ms)
Refreshing native plugins compatible for Editor in 1.68 ms, found 2 plugins.
Preloading 0 native plugins for Editor in 0.00 ms.
Unloading 1558 Unused Serialized files (Serialized files now loaded: 0)
Unloading 9 unused Assets / (25.9 KB). Loaded Objects now: 2332.
Memory consumption went from 160.0 MB to 160.0 MB.
Total: 2.428200 ms (FindLiveObjects: 0.115400 ms CreateObjectMapping: 0.043500 ms MarkObjects: 2.240700 ms  DeleteObjects: 0.028000 ms)

Prepare: number of updated asset objects reloaded= 0
AssetImportParameters requested are different than current active one (requested -> active):
  custom:video-decoder-webm-vp8: 9c59270c3fd7afecdb556c50c9e8de78 -> 
  custom:SearchIndexIgnoredProperties: e643bd26f0fe6173181afceb89e7c659 -> 
  custom:container-demuxer-ogg: 62fdf1f143b41e24485cea50d1cbac27 -> 
  custom:AudioImporter_EditorPlatform: d09bf68614088b80899f8185d706f6e7 -> 
  custom:video-codec-MediaFoundation-h265: e54d7ab0439102e2317fc1e4b246158d -> 
  custom:video-decoder-ogg-theora: a1e56fd34408186e4bbccfd4996cb3dc -> 
  custom:framework-win-MediaFoundation: 216162199b28c13a410421893ffa2e32 -> 
  custom:video-encoder-webm-vp8: eb34c28f22e8b96e1ab97ce403110664 -> 
  custom:audio-decoder-ogg-vorbis: bf7c407c2cedff20999df2af8eb42d56 -> 
  custom:CustomObjectIndexerAttribute: 9a22284fe3817be447336de3de66b15e -> 
  custom:container-demuxer-webm: 4f35f7cbe854078d1ac9338744f61a02 -> 
  custom:audio-encoder-webm-vorbis: bf7c407c2cedff20999df2af8eb42d56 -> 
  custom:container-muxer-webm: aa71ff27fc2769a1b78a27578f13a17b -> 
========================================================================
Received Prepare
Caller must complete domain reload
Begin MonoManager ReloadAssembly
- Loaded All Assemblies, in  0.264 seconds
Native extension for UWP target not found
Native extension for WindowsStandalone target not found
Native extension for iOS target not found
Native extension for Android target not found
Native extension for WebGL target not found
[Package Manager] Server::EnsureServerProcessIsRunning -- launch failed, reason: Unity was launched with the -noUpm command-line argument
[Package Manager] UpmClient::Send -- Unable to send message (not connected to UPM process).
[Package Manager] Cannot connect to Unity Package Manager local server
Mono: successfully reloaded assembly
- Finished resetting the current domain, in  0.546 seconds
Domain Reload Profiling: 809ms
	BeginReloadAssembly (107ms)
		ExecutionOrderSort (0ms)
		DisableScriptedObjects (4ms)
		BackupInstance (0ms)
		ReleaseScriptingObjects (0ms)
		CreateAndSetChildDomain (23ms)
	RebuildCommonClasses (24ms)
	RebuildNativeTypeToScriptingClass (8ms)
	initialDomainReloadingComplete (17ms)
	LoadAllAssembliesAndSetupDomain (107ms)
		LoadAssemblies (151ms)
		RebuildTransferFunctionScriptingTraits (0ms)
		AnalyzeDomain (14ms)
			TypeCache.Refresh (6ms)
				TypeCache.ScanAssembly (1ms)
			ScanForSourceGeneratedMonoScriptInfo (5ms)
			ResolveRequiredComponents (3ms)
	FinalizeReload (546ms)
		ReleaseScriptCaches (0ms)
		RebuildScriptCaches (0ms)
		SetupLoadedEditorAssemblies (293ms)
			LogAssemblyErrors (0ms)
			InitializePlatformSupportModulesInManaged (24ms)
			SetLoadedEditorAssemblies (2ms)
			RefreshPlugins (0ms)
			BeforeProcessingInitializeOnLoad (30ms)
			ProcessInitializeOnLoadAttributes (196ms)
			ProcessInitializeOnLoadMethodAttributes (39ms)
			AfterProcessingInitializeOnLoad (2ms)
			EditorAssembliesLoaded (0ms)
		ExecutionOrderSort2 (0ms)
		AwakeInstancesAfterBackupRestoration (6ms)
Refreshing native plugins compatible for Editor in 2.06 ms, found 2 plugins.
Preloading 0 native plugins for Editor in 0.00 ms.
Unloading 1559 Unused Serialized files (Serialized files now loaded: 0)
Unloading 9 unused Assets / (25.9 KB). Loaded Objects now: 2335.
Memory consumption went from 160.3 MB to 160.3 MB.
Total: 2.591800 ms (FindLiveObjects: 0.124200 ms CreateObjectMapping: 0.050400 ms MarkObjects: 2.388400 ms  DeleteObjects: 0.028300 ms)

Prepare: number of updated asset objects reloaded= 0
AssetImportParameters requested are different than current active one (requested -> active):
  custom:video-decoder-webm-vp8: 9c59270c3fd7afecdb556c50c9e8de78 -> 
  custom:SearchIndexIgnoredProperties: e643bd26f0fe6173181afceb89e7c659 -> 
  custom:container-demuxer-ogg: 62fdf1f143b41e24485cea50d1cbac27 -> 
  custom:AudioImporter_EditorPlatform: d09bf68614088b80899f8185d706f6e7 -> 
  custom:video-codec-MediaFoundation-h265: e54d7ab0439102e2317fc1e4b246158d -> 
  custom:video-decoder-ogg-theora: a1e56fd34408186e4bbccfd4996cb3dc -> 
  custom:framework-win-MediaFoundation: 216162199b28c13a410421893ffa2e32 -> 
  custom:video-encoder-webm-vp8: eb34c28f22e8b96e1ab97ce403110664 -> 
  custom:audio-decoder-ogg-vorbis: bf7c407c2cedff20999df2af8eb42d56 -> 
  custom:CustomObjectIndexerAttribute: 9a22284fe3817be447336de3de66b15e -> 
  custom:container-demuxer-webm: 4f35f7cbe854078d1ac9338744f61a02 -> 
  custom:audio-encoder-webm-vorbis: bf7c407c2cedff20999df2af8eb42d56 -> 
  custom:container-muxer-webm: aa71ff27fc2769a1b78a27578f13a17b -> 
========================================================================
Received Import Request.
  Time since last request: 24.403457 seconds.
  path: Assets/AlphabetMatch/Scripts/Stars.cs
  artifactKey: Guid(3d8f558ac94e4234280914590f75fc79) Importer(815301076,1909f56bfc062723c751e8b465ee728b)
Start importing Assets/AlphabetMatch/Scripts/Stars.cs using Guid(3d8f558ac94e4234280914590f75fc79) Importer(815301076,1909f56bfc062723c751e8b465ee728b) [PhysX] Initialized MultithreadedTaskDispatcher with 16 workers.
 -> (artifact id: 'a7112586234950691fe50f56d7ab0528') in 0.003215 seconds
Number of updated asset objects reloaded before import = 0
Number of asset objects unloaded after import = 0
========================================================================
Received Prepare
Caller must complete domain reload
Begin MonoManager ReloadAssembly
- Loaded All Assemblies, in  0.254 seconds
Native extension for UWP target not found
Native extension for WindowsStandalone target not found
Native extension for iOS target not found
Native extension for Android target not found
Native extension for WebGL target not found
[Package Manager] Server::EnsureServerProcessIsRunning -- launch failed, reason: Unity was launched with the -noUpm command-line argument
[Package Manager] UpmClient::Send -- Unable to send message (not connected to UPM process).
[Package Manager] Cannot connect to Unity Package Manager local server
Mono: successfully reloaded assembly
- Finished resetting the current domain, in  0.573 seconds
Domain Reload Profiling: 827ms
	BeginReloadAssembly (112ms)
		ExecutionOrderSort (0ms)
		DisableScriptedObjects (4ms)
		BackupInstance (0ms)
		ReleaseScriptingObjects (0ms)
		CreateAndSetChildDomain (23ms)
	RebuildCommonClasses (24ms)
	RebuildNativeTypeToScriptingClass (8ms)
	initialDomainReloadingComplete (17ms)
	LoadAllAssembliesAndSetupDomain (94ms)
		LoadAssemblies (150ms)
		RebuildTransferFunctionScriptingTraits (0ms)
		AnalyzeDomain (7ms)
			TypeCache.Refresh (3ms)
				TypeCache.ScanAssembly (0ms)
			ScanForSourceGeneratedMonoScriptInfo (0ms)
			ResolveRequiredComponents (2ms)
	FinalizeReload (573ms)
		ReleaseScriptCaches (0ms)
		RebuildScriptCaches (0ms)
		SetupLoadedEditorAssemblies (316ms)
			LogAssemblyErrors (0ms)
			InitializePlatformSupportModulesInManaged (28ms)
			SetLoadedEditorAssemblies (2ms)
			RefreshPlugins (0ms)
			BeforeProcessingInitializeOnLoad (34ms)
			ProcessInitializeOnLoadAttributes (210ms)
			ProcessInitializeOnLoadMethodAttributes (40ms)
			AfterProcessingInitializeOnLoad (2ms)
			EditorAssembliesLoaded (0ms)
		ExecutionOrderSort2 (0ms)
		AwakeInstancesAfterBackupRestoration (7ms)
Refreshing native plugins compatible for Editor in 1.67 ms, found 2 plugins.
Preloading 0 native plugins for Editor in 0.00 ms.
Unloading 1558 Unused Serialized files (Serialized files now loaded: 0)
Unloading 9 unused Assets / (25.9 KB). Loaded Objects now: 2338.
Memory consumption went from 160.0 MB to 160.0 MB.
Total: 2.371000 ms (FindLiveObjects: 0.126500 ms CreateObjectMapping: 0.049400 ms MarkObjects: 2.169400 ms  DeleteObjects: 0.025100 ms)

Prepare: number of updated asset objects reloaded= 0
AssetImportParameters requested are different than current active one (requested -> active):
  custom:video-decoder-webm-vp8: 9c59270c3fd7afecdb556c50c9e8de78 -> 
  custom:SearchIndexIgnoredProperties: e643bd26f0fe6173181afceb89e7c659 -> 
  custom:container-demuxer-ogg: 62fdf1f143b41e24485cea50d1cbac27 -> 
  custom:AudioImporter_EditorPlatform: d09bf68614088b80899f8185d706f6e7 -> 
  custom:video-codec-MediaFoundation-h265: e54d7ab0439102e2317fc1e4b246158d -> 
  custom:video-decoder-ogg-theora: a1e56fd34408186e4bbccfd4996cb3dc -> 
  custom:framework-win-MediaFoundation: 216162199b28c13a410421893ffa2e32 -> 
  custom:video-encoder-webm-vp8: eb34c28f22e8b96e1ab97ce403110664 -> 
  custom:audio-decoder-ogg-vorbis: bf7c407c2cedff20999df2af8eb42d56 -> 
  custom:CustomObjectIndexerAttribute: 9a22284fe3817be447336de3de66b15e -> 
  custom:container-demuxer-webm: 4f35f7cbe854078d1ac9338744f61a02 -> 
  custom:audio-encoder-webm-vorbis: bf7c407c2cedff20999df2af8eb42d56 -> 
  custom:container-muxer-webm: aa71ff27fc2769a1b78a27578f13a17b -> 
========================================================================
Received Prepare
Refreshing native plugins compatible for Editor in 1.73 ms, found 2 plugins.
Preloading 0 native plugins for Editor in 0.00 ms.
Unloading 1 Unused Serialized files (Serialized files now loaded: 0)
Unloading 1 unused Assets / (3.1 KB). Loaded Objects now: 2338.
Memory consumption went from 136.3 MB to 136.3 MB.
Total: 2.313300 ms (FindLiveObjects: 0.204600 ms CreateObjectMapping: 0.038800 ms MarkObjects: 2.055700 ms  DeleteObjects: 0.013700 ms)

Prepare: number of updated asset objects reloaded= 0
AssetImportParameters requested are different than current active one (requested -> active):
  custom:video-decoder-webm-vp8: 9c59270c3fd7afecdb556c50c9e8de78 -> 
  custom:SearchIndexIgnoredProperties: e643bd26f0fe6173181afceb89e7c659 -> 
  custom:container-demuxer-ogg: 62fdf1f143b41e24485cea50d1cbac27 -> 
  custom:AudioImporter_EditorPlatform: d09bf68614088b80899f8185d706f6e7 -> 
  custom:video-codec-MediaFoundation-h265: e54d7ab0439102e2317fc1e4b246158d -> 
  custom:video-decoder-ogg-theora: a1e56fd34408186e4bbccfd4996cb3dc -> 
  custom:framework-win-MediaFoundation: 216162199b28c13a410421893ffa2e32 -> 
  custom:video-encoder-webm-vp8: eb34c28f22e8b96e1ab97ce403110664 -> 
  custom:audio-decoder-ogg-vorbis: bf7c407c2cedff20999df2af8eb42d56 -> 
  custom:CustomObjectIndexerAttribute: 9a22284fe3817be447336de3de66b15e -> 
  custom:container-demuxer-webm: 4f35f7cbe854078d1ac9338744f61a02 -> 
  custom:audio-encoder-webm-vorbis: bf7c407c2cedff20999df2af8eb42d56 -> 
  custom:container-muxer-webm: aa71ff27fc2769a1b78a27578f13a17b -> 
========================================================================
Received Prepare
Caller must complete domain reload
Begin MonoManager ReloadAssembly
- Loaded All Assemblies, in  2.292 seconds
Native extension for UWP target not found
Native extension for WindowsStandalone target not found
Native extension for iOS target not found
Native extension for Android target not found
Native extension for WebGL target not found
[Package Manager] Server::EnsureServerProcessIsRunning -- launch failed, reason: Unity was launched with the -noUpm command-line argument
[Package Manager] UpmClient::Send -- Unable to send message (not connected to UPM process).
[Package Manager] Cannot connect to Unity Package Manager local server
Mono: successfully reloaded assembly
- Finished resetting the current domain, in  5.800 seconds
Domain Reload Profiling: 8093ms
	BeginReloadAssembly (148ms)
		ExecutionOrderSort (0ms)
		DisableScriptedObjects (8ms)
		BackupInstance (0ms)
		ReleaseScriptingObjects (0ms)
		CreateAndSetChildDomain (38ms)
	RebuildCommonClasses (25ms)
	RebuildNativeTypeToScriptingClass (8ms)
	initialDomainReloadingComplete (20ms)
	LoadAllAssembliesAndSetupDomain (2092ms)
		LoadAssemblies (2148ms)
		RebuildTransferFunctionScriptingTraits (0ms)
		AnalyzeDomain (17ms)
			TypeCache.Refresh (7ms)
				TypeCache.ScanAssembly (1ms)
			ScanForSourceGeneratedMonoScriptInfo (6ms)
			ResolveRequiredComponents (3ms)
	FinalizeReload (5801ms)
		ReleaseScriptCaches (0ms)
		RebuildScriptCaches (0ms)
		SetupLoadedEditorAssemblies (298ms)
			LogAssemblyErrors (0ms)
			InitializePlatformSupportModulesInManaged (26ms)
			SetLoadedEditorAssemblies (3ms)
			RefreshPlugins (0ms)
			BeforeProcessingInitializeOnLoad (33ms)
			ProcessInitializeOnLoadAttributes (194ms)
			ProcessInitializeOnLoadMethodAttributes (40ms)
			AfterProcessingInitializeOnLoad (2ms)
			EditorAssembliesLoaded (0ms)
		ExecutionOrderSort2 (0ms)
		AwakeInstancesAfterBackupRestoration (6ms)
Refreshing native plugins compatible for Editor in 1.84 ms, found 2 plugins.
Preloading 0 native plugins for Editor in 0.00 ms.
Unloading 1559 Unused Serialized files (Serialized files now loaded: 0)
Unloading 9 unused Assets / (26.0 KB). Loaded Objects now: 2341.
Memory consumption went from 160.3 MB to 160.3 MB.
Total: 3.638300 ms (FindLiveObjects: 0.174500 ms CreateObjectMapping: 0.084200 ms MarkObjects: 3.329500 ms  DeleteObjects: 0.048900 ms)

Prepare: number of updated asset objects reloaded= 0
AssetImportParameters requested are different than current active one (requested -> active):
  custom:video-decoder-webm-vp8: 9c59270c3fd7afecdb556c50c9e8de78 -> 
  custom:SearchIndexIgnoredProperties: e643bd26f0fe6173181afceb89e7c659 -> 
  custom:container-demuxer-ogg: 62fdf1f143b41e24485cea50d1cbac27 -> 
  custom:AudioImporter_EditorPlatform: d09bf68614088b80899f8185d706f6e7 -> 
  custom:video-codec-MediaFoundation-h265: e54d7ab0439102e2317fc1e4b246158d -> 
  custom:video-decoder-ogg-theora: a1e56fd34408186e4bbccfd4996cb3dc -> 
  custom:framework-win-MediaFoundation: 216162199b28c13a410421893ffa2e32 -> 
  custom:video-encoder-webm-vp8: eb34c28f22e8b96e1ab97ce403110664 -> 
  custom:audio-decoder-ogg-vorbis: bf7c407c2cedff20999df2af8eb42d56 -> 
  custom:CustomObjectIndexerAttribute: 9a22284fe3817be447336de3de66b15e -> 
  custom:container-demuxer-webm: 4f35f7cbe854078d1ac9338744f61a02 -> 
  custom:audio-encoder-webm-vorbis: bf7c407c2cedff20999df2af8eb42d56 -> 
  custom:scripting/precompiled-assembly-types:Assembly-CSharp: b4b2ebd6c4d4e709071e680d1322e6de -> 05e29247fd5b4226f5a595ebc8235478
  custom:container-muxer-webm: aa71ff27fc2769a1b78a27578f13a17b -> 
========================================================================
Received Import Request.
  Time since last request: 95700.526846 seconds.
  path: Assets/AlphabetMatch/Scripts/GameLogic.cs
  artifactKey: Guid(d90c4bbf3de0491458114b188ad8cd63) Importer(815301076,1909f56bfc062723c751e8b465ee728b)
Start importing Assets/AlphabetMatch/Scripts/GameLogic.cs using Guid(d90c4bbf3de0491458114b188ad8cd63) Importer(815301076,1909f56bfc062723c751e8b465ee728b) [PhysX] Initialized MultithreadedTaskDispatcher with 16 workers.
 -> (artifact id: '91c3cc695be98e646f52f516feba375c') in 0.014149 seconds
Number of updated asset objects reloaded before import = 0
Number of asset objects unloaded after import = 0
========================================================================
Received Import Request.
  Time since last request: 79.468234 seconds.
  path: Assets/Resources/Objects/Audio/words/letterR/rock.mp3
  artifactKey: Guid(e872c5d01438f014e9bf2599812c221c) Importer(815301076,1909f56bfc062723c751e8b465ee728b)
Start importing Assets/Resources/Objects/Audio/words/letterR/rock.mp3 using Guid(e872c5d01438f014e9bf2599812c221c) Importer(815301076,1909f56bfc062723c751e8b465ee728b) [PhysX] Initialized MultithreadedTaskDispatcher with 16 workers.
[PhysX] Initialized MultithreadedTaskDispatcher with 16 workers.
 -> (artifact id: 'dccd1fb6dc5cc5fb14bd3484e3cc8f34') in 0.068417 seconds
Number of updated asset objects reloaded before import = 0
Number of asset objects unloaded after import = 2
========================================================================
Received Import Request.
  Time since last request: 0.022790 seconds.
  path: Assets/Resources/Objects/Audio/words/letterR/rocket.mp3
  artifactKey: Guid(acd3d9d850ad8f64dbf512e02e626664) Importer(815301076,1909f56bfc062723c751e8b465ee728b)
Start importing Assets/Resources/Objects/Audio/words/letterR/rocket.mp3 using Guid(acd3d9d850ad8f64dbf512e02e626664) Importer(815301076,1909f56bfc062723c751e8b465ee728b) [PhysX] Initialized MultithreadedTaskDispatcher with 16 workers.
[PhysX] Initialized MultithreadedTaskDispatcher with 16 workers.
 -> (artifact id: 'dc5c8f6dff41cd5e54198dd234812705') in 0.137098 seconds
Number of updated asset objects reloaded before import = 0
Number of asset objects unloaded after import = 2
========================================================================
Received Import Request.
  Time since last request: 0.000015 seconds.
  path: Assets/Resources/Objects/Audio/letters/s.mp3
  artifactKey: Guid(a252acaeb4ee050428d2105f89fd91b4) Importer(815301076,1909f56bfc062723c751e8b465ee728b)
Start importing Assets/Resources/Objects/Audio/letters/s.mp3 using Guid(a252acaeb4ee050428d2105f89fd91b4) Importer(815301076,1909f56bfc062723c751e8b465ee728b) [PhysX] Initialized MultithreadedTaskDispatcher with 16 workers.
[PhysX] Initialized MultithreadedTaskDispatcher with 16 workers.
 -> (artifact id: 'f59e12de4dcb935b74d71446f508c4be') in 0.027026 seconds
Number of updated asset objects reloaded before import = 0
Number of asset objects unloaded after import = 2
========================================================================
Received Import Request.
  Time since last request: 0.000018 seconds.
  path: Assets/Resources/Objects/Audio/words/letterR/rooster.mp3
  artifactKey: Guid(ce6fe86c4733ecb4da44f0c000b9b9ab) Importer(815301076,1909f56bfc062723c751e8b465ee728b)
Start importing Assets/Resources/Objects/Audio/words/letterR/rooster.mp3 using Guid(ce6fe86c4733ecb4da44f0c000b9b9ab) Importer(815301076,1909f56bfc062723c751e8b465ee728b) [PhysX] Initialized MultithreadedTaskDispatcher with 16 workers.
[PhysX] Initialized MultithreadedTaskDispatcher with 16 workers.
 -> (artifact id: '59645545e0dfb58187c2618e8b1fd074') in 0.055995 seconds
Number of updated asset objects reloaded before import = 0
Number of asset objects unloaded after import = 2
========================================================================
Received Import Request.
  Time since last request: 0.000020 seconds.
  path: Assets/Resources/Objects/Audio/words/letterS/sled.mp3
  artifactKey: Guid(8a0698653de4f5e44a4113ab52104042) Importer(815301076,1909f56bfc062723c751e8b465ee728b)
Start importing Assets/Resources/Objects/Audio/words/letterS/sled.mp3 using Guid(8a0698653de4f5e44a4113ab52104042) Importer(815301076,1909f56bfc062723c751e8b465ee728b) [PhysX] Initialized MultithreadedTaskDispatcher with 16 workers.
[PhysX] Initialized MultithreadedTaskDispatcher with 16 workers.
 -> (artifact id: 'bfc13871ac4b8050bd4c8f1b540033a0') in 0.069588 seconds
Number of updated asset objects reloaded before import = 0
Number of asset objects unloaded after import = 2
========================================================================
Received Import Request.
  Time since last request: 0.033608 seconds.
  path: Assets/Resources/Objects/Audio/words/letterS/star.mp3
  artifactKey: Guid(d454dac76f62041469444ff958ec1855) Importer(815301076,1909f56bfc062723c751e8b465ee728b)
Start importing Assets/Resources/Objects/Audio/words/letterS/star.mp3 using Guid(d454dac76f62041469444ff958ec1855) Importer(815301076,1909f56bfc062723c751e8b465ee728b) [PhysX] Initialized MultithreadedTaskDispatcher with 16 workers.
[PhysX] Initialized MultithreadedTaskDispatcher with 16 workers.
 -> (artifact id: 'e251181f4bddd830dd302f6ec0942ae5') in 0.123391 seconds
Number of updated asset objects reloaded before import = 0
Number of asset objects unloaded after import = 2
========================================================================
Received Import Request.
  Time since last request: 0.000021 seconds.
  path: Assets/Resources/Objects/Audio/words/letterS/strawberry.mp3
  artifactKey: Guid(771d301be7a7ea34e8f6c67d513f3fbf) Importer(815301076,1909f56bfc062723c751e8b465ee728b)
Start importing Assets/Resources/Objects/Audio/words/letterS/strawberry.mp3 using Guid(771d301be7a7ea34e8f6c67d513f3fbf) Importer(815301076,1909f56bfc062723c751e8b465ee728b) [PhysX] Initialized MultithreadedTaskDispatcher with 16 workers.
[PhysX] Initialized MultithreadedTaskDispatcher with 16 workers.
 -> (artifact id: '070ac2a8b45dd3698abb5a3b8ca3f82f') in 0.079956 seconds
Number of updated asset objects reloaded before import = 0
Number of asset objects unloaded after import = 2
========================================================================
Received Import Request.
  Time since last request: 0.000028 seconds.
  path: Assets/Resources/Objects/Audio/words/letterT/train.mp3
  artifactKey: Guid(30da7b94beac40a4aa9ec81909983f0d) Importer(815301076,1909f56bfc062723c751e8b465ee728b)
Start importing Assets/Resources/Objects/Audio/words/letterT/train.mp3 using Guid(30da7b94beac40a4aa9ec81909983f0d) Importer(815301076,1909f56bfc062723c751e8b465ee728b) [PhysX] Initialized MultithreadedTaskDispatcher with 16 workers.
[PhysX] Initialized MultithreadedTaskDispatcher with 16 workers.
 -> (artifact id: '29e0bc125ba91886c27eb0e66e2d3449') in 0.019666 seconds
Number of updated asset objects reloaded before import = 0
Number of asset objects unloaded after import = 2
========================================================================
Received Import Request.
  Time since last request: 0.000019 seconds.
  path: Assets/Resources/Objects/Audio/words/letterT/tub.mp3
  artifactKey: Guid(b222b1f5e9012bf4885482a654dfb215) Importer(815301076,1909f56bfc062723c751e8b465ee728b)
Start importing Assets/Resources/Objects/Audio/words/letterT/tub.mp3 using Guid(b222b1f5e9012bf4885482a654dfb215) Importer(815301076,1909f56bfc062723c751e8b465ee728b) [PhysX] Initialized MultithreadedTaskDispatcher with 16 workers.
[PhysX] Initialized MultithreadedTaskDispatcher with 16 workers.
 -> (artifact id: '3cb7b15847aae924df416d5a86afaefe') in 0.017997 seconds
Number of updated asset objects reloaded before import = 0
Number of asset objects unloaded after import = 2
========================================================================
Received Import Request.
  Time since last request: 0.000019 seconds.
  path: Assets/Resources/Characters/Audio/u.mp3
  artifactKey: Guid(7e572e64708104c499ae296bfd6b7ad8) Importer(815301076,1909f56bfc062723c751e8b465ee728b)
Start importing Assets/Resources/Characters/Audio/u.mp3 using Guid(7e572e64708104c499ae296bfd6b7ad8) Importer(815301076,1909f56bfc062723c751e8b465ee728b) [PhysX] Initialized MultithreadedTaskDispatcher with 16 workers.
[PhysX] Initialized MultithreadedTaskDispatcher with 16 workers.
 -> (artifact id: '0fc28eb38c1d7cf5626be6769127cf80') in 0.023710 seconds
Number of updated asset objects reloaded before import = 0
Number of asset objects unloaded after import = 2
========================================================================
Received Import Request.
  Time since last request: 0.000018 seconds.
  path: Assets/Resources/Objects/Audio/letters/t.mp3
  artifactKey: Guid(9375a8564e8f42a47b15f0fa563978a3) Importer(815301076,1909f56bfc062723c751e8b465ee728b)
Start importing Assets/Resources/Objects/Audio/letters/t.mp3 using Guid(9375a8564e8f42a47b15f0fa563978a3) Importer(815301076,1909f56bfc062723c751e8b465ee728b) [PhysX] Initialized MultithreadedTaskDispatcher with 16 workers.
[PhysX] Initialized MultithreadedTaskDispatcher with 16 workers.
 -> (artifact id: '37f956bf645c62c0a33a8fe67c9009d1') in 0.032079 seconds
Number of updated asset objects reloaded before import = 0
Number of asset objects unloaded after import = 2
========================================================================
Received Import Request.
  Time since last request: 0.000025 seconds.
  path: Assets/Resources/Objects/Audio/words/letterU/uniform.mp3
  artifactKey: Guid(1bbad26bc20668f4d876270c2ca6bb20) Importer(815301076,1909f56bfc062723c751e8b465ee728b)
Start importing Assets/Resources/Objects/Audio/words/letterU/uniform.mp3 using Guid(1bbad26bc20668f4d876270c2ca6bb20) Importer(815301076,1909f56bfc062723c751e8b465ee728b) [PhysX] Initialized MultithreadedTaskDispatcher with 16 workers.
[PhysX] Initialized MultithreadedTaskDispatcher with 16 workers.
 -> (artifact id: 'f54e5285fbb26e03ef093bb557e09e45') in 0.017481 seconds
Number of updated asset objects reloaded before import = 0
Number of asset objects unloaded after import = 2
========================================================================
Received Import Request.
  Time since last request: 0.000014 seconds.
  path: Assets/Resources/Incorrect/try_another_00.mp3
  artifactKey: Guid(30f6b36a58ad5484e8e72ebb3771e13f) Importer(815301076,1909f56bfc062723c751e8b465ee728b)
Start importing Assets/Resources/Incorrect/try_another_00.mp3 using Guid(30f6b36a58ad5484e8e72ebb3771e13f) Importer(815301076,1909f56bfc062723c751e8b465ee728b) [PhysX] Initialized MultithreadedTaskDispatcher with 16 workers.
[PhysX] Initialized MultithreadedTaskDispatcher with 16 workers.
 -> (artifact id: 'e3c756863f9d3beba766aeebed13bbd9') in 0.036692 seconds
Number of updated asset objects reloaded before import = 0
Number of asset objects unloaded after import = 2
========================================================================
Received Import Request.
  Time since last request: 0.000016 seconds.
  path: Assets/Resources/Objects/Audio/words/letterV/vase.mp3
  artifactKey: Guid(23ad3ee355438744a8bec72ce7696afd) Importer(815301076,1909f56bfc062723c751e8b465ee728b)
Start importing Assets/Resources/Objects/Audio/words/letterV/vase.mp3 using Guid(23ad3ee355438744a8bec72ce7696afd) Importer(815301076,1909f56bfc062723c751e8b465ee728b) [PhysX] Initialized MultithreadedTaskDispatcher with 16 workers.
[PhysX] Initialized MultithreadedTaskDispatcher with 16 workers.
 -> (artifact id: '0eb4f67eace651594a5aaaaf01f24a40') in 0.022135 seconds
Number of updated asset objects reloaded before import = 0
Number of asset objects unloaded after import = 2
========================================================================
Received Import Request.
  Time since last request: 0.000015 seconds.
  path: Assets/Resources/Objects/Audio/words/letterU/u turn.mp3
  artifactKey: Guid(8db335a4a0a32354f85cc9d1bed93001) Importer(815301076,1909f56bfc062723c751e8b465ee728b)
Start importing Assets/Resources/Objects/Audio/words/letterU/u turn.mp3 using Guid(8db335a4a0a32354f85cc9d1bed93001) Importer(815301076,1909f56bfc062723c751e8b465ee728b) [PhysX] Initialized MultithreadedTaskDispatcher with 16 workers.
[PhysX] Initialized MultithreadedTaskDispatcher with 16 workers.
 -> (artifact id: '3dbe1e9f60776f84367c8b1274dc7e42') in 0.027928 seconds
Number of updated asset objects reloaded before import = 0
Number of asset objects unloaded after import = 2
========================================================================
Received Import Request.
  Time since last request: 0.000014 seconds.
  path: Assets/Resources/Objects/Audio/words/letterT/tomato.mp3
  artifactKey: Guid(547761a94c95f4e459309ca7a6302880) Importer(815301076,1909f56bfc062723c751e8b465ee728b)
Start importing Assets/Resources/Objects/Audio/words/letterT/tomato.mp3 using Guid(547761a94c95f4e459309ca7a6302880) Importer(815301076,1909f56bfc062723c751e8b465ee728b) [PhysX] Initialized MultithreadedTaskDispatcher with 16 workers.
[PhysX] Initialized MultithreadedTaskDispatcher with 16 workers.
 -> (artifact id: '5aecbcb3a9808d14d9ef61da82b4615e') in 0.033765 seconds
Number of updated asset objects reloaded before import = 0
Number of asset objects unloaded after import = 2
========================================================================
Received Import Request.
  Time since last request: 0.000016 seconds.
  path: Assets/Resources/VO/title.mp3
  artifactKey: Guid(2979e14172443cf4fa8eedf2d32a09f4) Importer(815301076,1909f56bfc062723c751e8b465ee728b)
Start importing Assets/Resources/VO/title.mp3 using Guid(2979e14172443cf4fa8eedf2d32a09f4) Importer(815301076,1909f56bfc062723c751e8b465ee728b) [PhysX] Initialized MultithreadedTaskDispatcher with 16 workers.
[PhysX] Initialized MultithreadedTaskDispatcher with 16 workers.
 -> (artifact id: '21c0fd3f1bf8b66463eade3151c21f6c') in 0.040740 seconds
Number of updated asset objects reloaded before import = 0
Number of asset objects unloaded after import = 2
========================================================================
Received Import Request.
  Time since last request: 1.240705 seconds.
  path: Assets/Resources/Objects/Audio/words/letterV/violin.mp3
  artifactKey: Guid(48767e21586af244fadf85298cd760dd) Importer(815301076,1909f56bfc062723c751e8b465ee728b)
Start importing Assets/Resources/Objects/Audio/words/letterV/violin.mp3 using Guid(48767e21586af244fadf85298cd760dd) Importer(815301076,1909f56bfc062723c751e8b465ee728b) [PhysX] Initialized MultithreadedTaskDispatcher with 16 workers.
[PhysX] Initialized MultithreadedTaskDispatcher with 16 workers.
 -> (artifact id: 'd4a764c1908759119013becea40d03e2') in 0.023823 seconds
Number of updated asset objects reloaded before import = 0
Number of asset objects unloaded after import = 2
========================================================================
Received Import Request.
  Time since last request: 0.000018 seconds.
  path: Assets/Resources/Objects/Audio/words/letterV/volcano.mp3
  artifactKey: Guid(085e31ee722575d4c9220549b188015e) Importer(815301076,1909f56bfc062723c751e8b465ee728b)
Start importing Assets/Resources/Objects/Audio/words/letterV/volcano.mp3 using Guid(085e31ee722575d4c9220549b188015e) Importer(815301076,1909f56bfc062723c751e8b465ee728b) [PhysX] Initialized MultithreadedTaskDispatcher with 16 workers.
[PhysX] Initialized MultithreadedTaskDispatcher with 16 workers.
 -> (artifact id: '21519141640c64d46998bdec0522a671') in 0.034600 seconds
Number of updated asset objects reloaded before import = 0
Number of asset objects unloaded after import = 2
========================================================================
Received Import Request.
  Time since last request: 0.000034 seconds.
  path: Assets/Resources/Objects/Audio/letters/w.mp3
  artifactKey: Guid(d2ec0731619fe924097bb02b0e2d9ddf) Importer(815301076,1909f56bfc062723c751e8b465ee728b)
Start importing Assets/Resources/Objects/Audio/letters/w.mp3 using Guid(d2ec0731619fe924097bb02b0e2d9ddf) Importer(815301076,1909f56bfc062723c751e8b465ee728b) [PhysX] Initialized MultithreadedTaskDispatcher with 16 workers.
[PhysX] Initialized MultithreadedTaskDispatcher with 16 workers.
 -> (artifact id: '208452c93eee8d862e702364e4b468b9') in 0.029621 seconds
Number of updated asset objects reloaded before import = 0
Number of asset objects unloaded after import = 2
========================================================================
Received Import Request.
  Time since last request: 0.000017 seconds.
  path: Assets/Resources/Objects/Audio/words/letterW/wallet.mp3
  artifactKey: Guid(4c3dd5c063c0faf4996df0b6e51db6cf) Importer(815301076,1909f56bfc062723c751e8b465ee728b)
Start importing Assets/Resources/Objects/Audio/words/letterW/wallet.mp3 using Guid(4c3dd5c063c0faf4996df0b6e51db6cf) Importer(815301076,1909f56bfc062723c751e8b465ee728b) [PhysX] Initialized MultithreadedTaskDispatcher with 16 workers.
[PhysX] Initialized MultithreadedTaskDispatcher with 16 workers.
 -> (artifact id: 'fd4a8b6a0f5f0daeae34129167cef5a3') in 0.033055 seconds
Number of updated asset objects reloaded before import = 0
Number of asset objects unloaded after import = 2
========================================================================
Received Import Request.
  Time since last request: 0.000016 seconds.
  path: Assets/Resources/Objects/Audio/words/letterW/wood.mp3
  artifactKey: Guid(3aa5e32b2dbc5a74ca18bf9966834319) Importer(815301076,1909f56bfc062723c751e8b465ee728b)
Start importing Assets/Resources/Objects/Audio/words/letterW/wood.mp3 using Guid(3aa5e32b2dbc5a74ca18bf9966834319) Importer(815301076,1909f56bfc062723c751e8b465ee728b) [PhysX] Initialized MultithreadedTaskDispatcher with 16 workers.
[PhysX] Initialized MultithreadedTaskDispatcher with 16 workers.
 -> (artifact id: '46ae1462ab93c27786012108c5d7a3b6') in 0.028942 seconds
Number of updated asset objects reloaded before import = 0
Number of asset objects unloaded after import = 2
========================================================================
Received Import Request.
  Time since last request: 0.000016 seconds.
  path: Assets/Resources/Objects/Audio/words/letterW/water.mp3
  artifactKey: Guid(a330ac06226694b4faa5773d00296585) Importer(815301076,1909f56bfc062723c751e8b465ee728b)
Start importing Assets/Resources/Objects/Audio/words/letterW/water.mp3 using Guid(a330ac06226694b4faa5773d00296585) Importer(815301076,1909f56bfc062723c751e8b465ee728b) [PhysX] Initialized MultithreadedTaskDispatcher with 16 workers.
[PhysX] Initialized MultithreadedTaskDispatcher with 16 workers.
 -> (artifact id: 'a91d16a31f67f57166b8b99b186d2134') in 0.018489 seconds
Number of updated asset objects reloaded before import = 0
Number of asset objects unloaded after import = 2
========================================================================
Received Import Request.
  Time since last request: 0.000012 seconds.
  path: Assets/Resources/Objects/Audio/words/letterX/x axis.mp3
  artifactKey: Guid(6e00a8b643f28164db5433eea3bce9a3) Importer(815301076,1909f56bfc062723c751e8b465ee728b)
Start importing Assets/Resources/Objects/Audio/words/letterX/x axis.mp3 using Guid(6e00a8b643f28164db5433eea3bce9a3) Importer(815301076,1909f56bfc062723c751e8b465ee728b) [PhysX] Initialized MultithreadedTaskDispatcher with 16 workers.
[PhysX] Initialized MultithreadedTaskDispatcher with 16 workers.
 -> (artifact id: '310fd9ab43b83eba1056c601b23495f9') in 0.037148 seconds
Number of updated asset objects reloaded before import = 0
Number of asset objects unloaded after import = 2
========================================================================
Received Import Request.
  Time since last request: 0.000013 seconds.
  path: Assets/Resources/Objects/Audio/letters/y.mp3
  artifactKey: Guid(d61a43666ccedbc4aa8c4d66063004a0) Importer(815301076,1909f56bfc062723c751e8b465ee728b)
Start importing Assets/Resources/Objects/Audio/letters/y.mp3 using Guid(d61a43666ccedbc4aa8c4d66063004a0) Importer(815301076,1909f56bfc062723c751e8b465ee728b) [PhysX] Initialized MultithreadedTaskDispatcher with 16 workers.
[PhysX] Initialized MultithreadedTaskDispatcher with 16 workers.
 -> (artifact id: '7a838fa9a6e329b878c35cb0320336f1') in 0.137619 seconds
Number of updated asset objects reloaded before import = 0
Number of asset objects unloaded after import = 2
========================================================================
Received Import Request.
  Time since last request: 0.000021 seconds.
  path: Assets/Resources/Objects/Audio/words/letterY/yolk.mp3
  artifactKey: Guid(6e851538d63f179448b91d8f1cad2944) Importer(815301076,1909f56bfc062723c751e8b465ee728b)
Start importing Assets/Resources/Objects/Audio/words/letterY/yolk.mp3 using Guid(6e851538d63f179448b91d8f1cad2944) Importer(815301076,1909f56bfc062723c751e8b465ee728b) [PhysX] Initialized MultithreadedTaskDispatcher with 16 workers.
[PhysX] Initialized MultithreadedTaskDispatcher with 16 workers.
 -> (artifact id: 'a55d90a5ca8298ffb76798012f8ea37d') in 0.033894 seconds
Number of updated asset objects reloaded before import = 0
Number of asset objects unloaded after import = 2
========================================================================
Received Import Request.
  Time since last request: 0.000025 seconds.
  path: Assets/Resources/Objects/Audio/words/letterZ/zipper.mp3
  artifactKey: Guid(5e63fb74bb1405541877c854a98f490e) Importer(815301076,1909f56bfc062723c751e8b465ee728b)
Start importing Assets/Resources/Objects/Audio/words/letterZ/zipper.mp3 using Guid(5e63fb74bb1405541877c854a98f490e) Importer(815301076,1909f56bfc062723c751e8b465ee728b) [PhysX] Initialized MultithreadedTaskDispatcher with 16 workers.
[PhysX] Initialized MultithreadedTaskDispatcher with 16 workers.
 -> (artifact id: 'd12a1e4e1ab55a08d559d5591d71aa82') in 0.029027 seconds
Number of updated asset objects reloaded before import = 0
Number of asset objects unloaded after import = 2
========================================================================
Received Import Request.
  Time since last request: 0.000018 seconds.
  path: Assets/Resources/Objects/Audio/words/letterY/yoyo.mp3
  artifactKey: Guid(aed8fd57ad9faac44b656d3f80f01039) Importer(815301076,1909f56bfc062723c751e8b465ee728b)
Start importing Assets/Resources/Objects/Audio/words/letterY/yoyo.mp3 using Guid(aed8fd57ad9faac44b656d3f80f01039) Importer(815301076,1909f56bfc062723c751e8b465ee728b) [PhysX] Initialized MultithreadedTaskDispatcher with 16 workers.
[PhysX] Initialized MultithreadedTaskDispatcher with 16 workers.
 -> (artifact id: '2ea438e70f8e65e63b7d41934dde30d0') in 0.019146 seconds
Number of updated asset objects reloaded before import = 0
Number of asset objects unloaded after import = 2
========================================================================
Received Import Request.
  Time since last request: 0.000014 seconds.
  path: Assets/Resources/Objects/Audio/words/letterZ/zoom.mp3
  artifactKey: Guid(ce88550e52593e242b9239ee449f50e8) Importer(815301076,1909f56bfc062723c751e8b465ee728b)
Start importing Assets/Resources/Objects/Audio/words/letterZ/zoom.mp3 using Guid(ce88550e52593e242b9239ee449f50e8) Importer(815301076,1909f56bfc062723c751e8b465ee728b) [PhysX] Initialized MultithreadedTaskDispatcher with 16 workers.
[PhysX] Initialized MultithreadedTaskDispatcher with 16 workers.
 -> (artifact id: '3f1fff8fc55213b9a7cf88dcb57affcf') in 0.018794 seconds
Number of updated asset objects reloaded before import = 0
Number of asset objects unloaded after import = 2
========================================================================
Received Import Request.
  Time since last request: 0.000015 seconds.
  path: Assets/Resources/Objects/Audio/letters/z.mp3
  artifactKey: Guid(60dfe2c9b6f5e43458cda8936c97ac3f) Importer(815301076,1909f56bfc062723c751e8b465ee728b)
Start importing Assets/Resources/Objects/Audio/letters/z.mp3 using Guid(60dfe2c9b6f5e43458cda8936c97ac3f) Importer(815301076,1909f56bfc062723c751e8b465ee728b) [PhysX] Initialized MultithreadedTaskDispatcher with 16 workers.
[PhysX] Initialized MultithreadedTaskDispatcher with 16 workers.
 -> (artifact id: '6a0ea868458e4bda9abf16d1694a7b2f') in 0.037964 seconds
Number of updated asset objects reloaded before import = 0
Number of asset objects unloaded after import = 2
========================================================================
Received Import Request.
  Time since last request: 0.000014 seconds.
  path: Assets/Resources/Objects/Audio/words/letterZ/zucchini.mp3
  artifactKey: Guid(cdcf0579d44e57c4bb391500e384edc8) Importer(815301076,1909f56bfc062723c751e8b465ee728b)
Start importing Assets/Resources/Objects/Audio/words/letterZ/zucchini.mp3 using Guid(cdcf0579d44e57c4bb391500e384edc8) Importer(815301076,1909f56bfc062723c751e8b465ee728b) [PhysX] Initialized MultithreadedTaskDispatcher with 16 workers.
[PhysX] Initialized MultithreadedTaskDispatcher with 16 workers.
 -> (artifact id: '92eb23f2ec6b04e133a8fec0adc863a2') in 0.016720 seconds
Number of updated asset objects reloaded before import = 0
Number of asset objects unloaded after import = 2
========================================================================
Received Import Request.
  Time since last request: 0.809446 seconds.
  path: Assets/Resources/Objects/Audio/words/letterQ/quilt.mp3
  artifactKey: Guid(4afc0f8b5697aff4ea096d290ee80ef8) Importer(815301076,1909f56bfc062723c751e8b465ee728b)
Start importing Assets/Resources/Objects/Audio/words/letterQ/quilt.mp3 using Guid(4afc0f8b5697aff4ea096d290ee80ef8) Importer(815301076,1909f56bfc062723c751e8b465ee728b) [PhysX] Initialized MultithreadedTaskDispatcher with 16 workers.
[PhysX] Initialized MultithreadedTaskDispatcher with 16 workers.
 -> (artifact id: '64cb40a5da2b5e96ea76ef20c4d7b347') in 0.016122 seconds
Number of updated asset objects reloaded before import = 0
Number of asset objects unloaded after import = 2
========================================================================
Received Import Request.
  Time since last request: 0.000013 seconds.
  path: Assets/Resources/Objects/Audio/letters/r.mp3
  artifactKey: Guid(1c092a61e951b7540822b7bff325fa7e) Importer(815301076,1909f56bfc062723c751e8b465ee728b)
Start importing Assets/Resources/Objects/Audio/letters/r.mp3 using Guid(1c092a61e951b7540822b7bff325fa7e) Importer(815301076,1909f56bfc062723c751e8b465ee728b) [PhysX] Initialized MultithreadedTaskDispatcher with 16 workers.
[PhysX] Initialized MultithreadedTaskDispatcher with 16 workers.
 -> (artifact id: 'a4ce805581bc9a0ef4f9388bcf7967a2') in 0.082204 seconds
Number of updated asset objects reloaded before import = 0
Number of asset objects unloaded after import = 2
========================================================================
Received Import Request.
  Time since last request: 0.000016 seconds.
  path: Assets/Resources/Objects/Audio/words/letterM/mitten.mp3
  artifactKey: Guid(8aea118db57cf0d4ca747b8bacded17b) Importer(815301076,1909f56bfc062723c751e8b465ee728b)
Start importing Assets/Resources/Objects/Audio/words/letterM/mitten.mp3 using Guid(8aea118db57cf0d4ca747b8bacded17b) Importer(815301076,1909f56bfc062723c751e8b465ee728b) [PhysX] Initialized MultithreadedTaskDispatcher with 16 workers.
[PhysX] Initialized MultithreadedTaskDispatcher with 16 workers.
 -> (artifact id: '5bc1e7bf43c52d11be011f518ca309d4') in 0.017564 seconds
Number of updated asset objects reloaded before import = 0
Number of asset objects unloaded after import = 2
========================================================================
Received Import Request.
  Time since last request: 0.000024 seconds.
  path: Assets/Resources/Objects/Audio/words/letterM/money.mp3
  artifactKey: Guid(ec9e6760fcca5284691b0c933952bbc5) Importer(815301076,1909f56bfc062723c751e8b465ee728b)
Start importing Assets/Resources/Objects/Audio/words/letterM/money.mp3 using Guid(ec9e6760fcca5284691b0c933952bbc5) Importer(815301076,1909f56bfc062723c751e8b465ee728b) [PhysX] Initialized MultithreadedTaskDispatcher with 16 workers.
[PhysX] Initialized MultithreadedTaskDispatcher with 16 workers.
 -> (artifact id: '728218b49d7ad9d1a12b6adf59c891e4') in 0.015911 seconds
Number of updated asset objects reloaded before import = 0
Number of asset objects unloaded after import = 2
========================================================================
Received Import Request.
  Time since last request: 0.000017 seconds.
  path: Assets/Resources/Objects/Audio/words/letterM/mosquito.mp3
  artifactKey: Guid(ecd52b383ea3e7f4a8c147032766a47a) Importer(815301076,1909f56bfc062723c751e8b465ee728b)
Start importing Assets/Resources/Objects/Audio/words/letterM/mosquito.mp3 using Guid(ecd52b383ea3e7f4a8c147032766a47a) Importer(815301076,1909f56bfc062723c751e8b465ee728b) [PhysX] Initialized MultithreadedTaskDispatcher with 16 workers.
[PhysX] Initialized MultithreadedTaskDispatcher with 16 workers.
 -> (artifact id: '9583da4b99592a32f3ccc0ee12c3213f') in 0.027415 seconds
Number of updated asset objects reloaded before import = 0
Number of asset objects unloaded after import = 2
========================================================================
Received Import Request.
  Time since last request: 0.000015 seconds.
  path: Assets/Resources/Objects/Audio/words/letterM/mug.mp3
  artifactKey: Guid(311fbdb76b43b1a47b950130cd236dd6) Importer(815301076,1909f56bfc062723c751e8b465ee728b)
Start importing Assets/Resources/Objects/Audio/words/letterM/mug.mp3 using Guid(311fbdb76b43b1a47b950130cd236dd6) Importer(815301076,1909f56bfc062723c751e8b465ee728b) [PhysX] Initialized MultithreadedTaskDispatcher with 16 workers.
[PhysX] Initialized MultithreadedTaskDispatcher with 16 workers.
 -> (artifact id: 'ce471b313ab3e19a686618961c48e884') in 0.030278 seconds
Number of updated asset objects reloaded before import = 0
Number of asset objects unloaded after import = 2
========================================================================
Received Import Request.
  Time since last request: 0.000020 seconds.
  path: Assets/Resources/Objects/Audio/words/letterN/nail.mp3
  artifactKey: Guid(c43173094f090c1478b23e3e9be7e015) Importer(815301076,1909f56bfc062723c751e8b465ee728b)
Start importing Assets/Resources/Objects/Audio/words/letterN/nail.mp3 using Guid(c43173094f090c1478b23e3e9be7e015) Importer(815301076,1909f56bfc062723c751e8b465ee728b) [PhysX] Initialized MultithreadedTaskDispatcher with 16 workers.
[PhysX] Initialized MultithreadedTaskDispatcher with 16 workers.
 -> (artifact id: 'c566e040e08c818dec905dbe97d0000d') in 0.018195 seconds
Number of updated asset objects reloaded before import = 0
Number of asset objects unloaded after import = 2
========================================================================
Received Import Request.
  Time since last request: 0.000024 seconds.
  path: Assets/Resources/Objects/Audio/words/letterN/necklace.mp3
  artifactKey: Guid(f7ce0c03486ea2a48bc94b4d57435af1) Importer(815301076,1909f56bfc062723c751e8b465ee728b)
Start importing Assets/Resources/Objects/Audio/words/letterN/necklace.mp3 using Guid(f7ce0c03486ea2a48bc94b4d57435af1) Importer(815301076,1909f56bfc062723c751e8b465ee728b) [PhysX] Initialized MultithreadedTaskDispatcher with 16 workers.
[PhysX] Initialized MultithreadedTaskDispatcher with 16 workers.
 -> (artifact id: 'a7af4a2bd1f97ab509dddc415e90ba0d') in 0.018150 seconds
Number of updated asset objects reloaded before import = 0
Number of asset objects unloaded after import = 2
========================================================================
Received Import Request.
  Time since last request: 0.000015 seconds.
  path: Assets/Resources/Objects/Audio/words/letterM/mouth.mp3
  artifactKey: Guid(0c25fff7602e6274086f9b601da85c6f) Importer(815301076,1909f56bfc062723c751e8b465ee728b)
Start importing Assets/Resources/Objects/Audio/words/letterM/mouth.mp3 using Guid(0c25fff7602e6274086f9b601da85c6f) Importer(815301076,1909f56bfc062723c751e8b465ee728b) [PhysX] Initialized MultithreadedTaskDispatcher with 16 workers.
[PhysX] Initialized MultithreadedTaskDispatcher with 16 workers.
 -> (artifact id: 'a1978353cc21230bca90400e55db2196') in 0.026119 seconds
Number of updated asset objects reloaded before import = 0
Number of asset objects unloaded after import = 2
========================================================================
Received Import Request.
  Time since last request: 0.000015 seconds.
  path: Assets/Resources/Objects/Audio/letters/o.mp3
  artifactKey: Guid(b73ed354e8f4c72468789b0526081b54) Importer(815301076,1909f56bfc062723c751e8b465ee728b)
Start importing Assets/Resources/Objects/Audio/letters/o.mp3 using Guid(b73ed354e8f4c72468789b0526081b54) Importer(815301076,1909f56bfc062723c751e8b465ee728b) [PhysX] Initialized MultithreadedTaskDispatcher with 16 workers.
[PhysX] Initialized MultithreadedTaskDispatcher with 16 workers.
 -> (artifact id: 'f7e3b845006a0364b205944160dde483') in 0.039467 seconds
Number of updated asset objects reloaded before import = 0
Number of asset objects unloaded after import = 2
========================================================================
Received Import Request.
  Time since last request: 0.000015 seconds.
  path: Assets/Resources/Objects/Audio/words/letterO/oatmeal.mp3
  artifactKey: Guid(95dab8682561cbd46b0a63f7960af7ad) Importer(815301076,1909f56bfc062723c751e8b465ee728b)
Start importing Assets/Resources/Objects/Audio/words/letterO/oatmeal.mp3 using Guid(95dab8682561cbd46b0a63f7960af7ad) Importer(815301076,1909f56bfc062723c751e8b465ee728b) [PhysX] Initialized MultithreadedTaskDispatcher with 16 workers.
[PhysX] Initialized MultithreadedTaskDispatcher with 16 workers.
 -> (artifact id: '6e837f389f4c594764a8c067f7c7d290') in 0.017489 seconds
Number of updated asset objects reloaded before import = 0
Number of asset objects unloaded after import = 2
========================================================================
Received Import Request.
  Time since last request: 0.000018 seconds.
  path: Assets/Resources/Objects/Audio/words/letterN/nest.mp3
  artifactKey: Guid(e52512f9e603f9949a6691673d2c0e32) Importer(815301076,1909f56bfc062723c751e8b465ee728b)
Start importing Assets/Resources/Objects/Audio/words/letterN/nest.mp3 using Guid(e52512f9e603f9949a6691673d2c0e32) Importer(815301076,1909f56bfc062723c751e8b465ee728b) [PhysX] Initialized MultithreadedTaskDispatcher with 16 workers.
[PhysX] Initialized MultithreadedTaskDispatcher with 16 workers.
 -> (artifact id: '8725eede4b0a5ce7871196d03c6d82dc') in 0.043103 seconds
Number of updated asset objects reloaded before import = 0
Number of asset objects unloaded after import = 2
========================================================================
Received Import Request.
  Time since last request: 0.000021 seconds.
  path: Assets/Resources/Objects/Audio/words/letterP/parrot.mp3
  artifactKey: Guid(b96af42c65dde1940b26216bfd81a10b) Importer(815301076,1909f56bfc062723c751e8b465ee728b)
Start importing Assets/Resources/Objects/Audio/words/letterP/parrot.mp3 using Guid(b96af42c65dde1940b26216bfd81a10b) Importer(815301076,1909f56bfc062723c751e8b465ee728b) [PhysX] Initialized MultithreadedTaskDispatcher with 16 workers.
[PhysX] Initialized MultithreadedTaskDispatcher with 16 workers.
 -> (artifact id: '725b2fd8ef2d02f1075ddc60daa319aa') in 0.028045 seconds
Number of updated asset objects reloaded before import = 0
Number of asset objects unloaded after import = 2
========================================================================
Received Import Request.
  Time since last request: 0.000017 seconds.
  path: Assets/Resources/Objects/Audio/words/letterP/pen.mp3
  artifactKey: Guid(241c202a70153e043937ce906a4ea677) Importer(815301076,1909f56bfc062723c751e8b465ee728b)
Start importing Assets/Resources/Objects/Audio/words/letterP/pen.mp3 using Guid(241c202a70153e043937ce906a4ea677) Importer(815301076,1909f56bfc062723c751e8b465ee728b) [PhysX] Initialized MultithreadedTaskDispatcher with 16 workers.
[PhysX] Initialized MultithreadedTaskDispatcher with 16 workers.
 -> (artifact id: '18cf9cc0d746df2fca13425ab418a83d') in 0.018097 seconds
Number of updated asset objects reloaded before import = 0
Number of asset objects unloaded after import = 2
========================================================================
Received Import Request.
  Time since last request: 0.000016 seconds.
  path: Assets/Resources/Objects/Audio/words/letterN/net.mp3
  artifactKey: Guid(8aa01d5476e2e354e99d76ff43b45d11) Importer(815301076,1909f56bfc062723c751e8b465ee728b)
Start importing Assets/Resources/Objects/Audio/words/letterN/net.mp3 using Guid(8aa01d5476e2e354e99d76ff43b45d11) Importer(815301076,1909f56bfc062723c751e8b465ee728b) [PhysX] Initialized MultithreadedTaskDispatcher with 16 workers.
[PhysX] Initialized MultithreadedTaskDispatcher with 16 workers.
 -> (artifact id: '5f6742b41c627fcde72e542ddb04b515') in 0.017003 seconds
Number of updated asset objects reloaded before import = 0
Number of asset objects unloaded after import = 2
========================================================================
Received Import Request.
  Time since last request: 0.000017 seconds.
  path: Assets/Resources/Objects/Audio/words/letterP/pizza.mp3
  artifactKey: Guid(b31fd8aefcf4b494f9ea7cc37f810d44) Importer(815301076,1909f56bfc062723c751e8b465ee728b)
Start importing Assets/Resources/Objects/Audio/words/letterP/pizza.mp3 using Guid(b31fd8aefcf4b494f9ea7cc37f810d44) Importer(815301076,1909f56bfc062723c751e8b465ee728b) [PhysX] Initialized MultithreadedTaskDispatcher with 16 workers.
[PhysX] Initialized MultithreadedTaskDispatcher with 16 workers.
 -> (artifact id: '0bf1bc901677a8ca68790b754e4fca20') in 0.069413 seconds
Number of updated asset objects reloaded before import = 0
Number of asset objects unloaded after import = 2
========================================================================
Received Import Request.
  Time since last request: 0.000014 seconds.
  path: Assets/Resources/Objects/Audio/words/letterP/pot.mp3
  artifactKey: Guid(171491c69b53767429ac37da7a9f8bba) Importer(815301076,1909f56bfc062723c751e8b465ee728b)
Start importing Assets/Resources/Objects/Audio/words/letterP/pot.mp3 using Guid(171491c69b53767429ac37da7a9f8bba) Importer(815301076,1909f56bfc062723c751e8b465ee728b) [PhysX] Initialized MultithreadedTaskDispatcher with 16 workers.
[PhysX] Initialized MultithreadedTaskDispatcher with 16 workers.
 -> (artifact id: 'b5e7cdd21740698c24f3ad1b3250fc7b') in 0.054395 seconds
Number of updated asset objects reloaded before import = 0
Number of asset objects unloaded after import = 2
========================================================================
Received Import Request.
  Time since last request: 0.000021 seconds.
  path: Assets/Resources/Objects/Audio/words/letterP/popcorn.mp3
  artifactKey: Guid(5490c24f3fea14f4cb6257dd559b975c) Importer(815301076,1909f56bfc062723c751e8b465ee728b)
Start importing Assets/Resources/Objects/Audio/words/letterP/popcorn.mp3 using Guid(5490c24f3fea14f4cb6257dd559b975c) Importer(815301076,1909f56bfc062723c751e8b465ee728b) [PhysX] Initialized MultithreadedTaskDispatcher with 16 workers.
[PhysX] Initialized MultithreadedTaskDispatcher with 16 workers.
 -> (artifact id: '8b62932d63ff33aaa043b13e562886ee') in 0.019813 seconds
Number of updated asset objects reloaded before import = 0
Number of asset objects unloaded after import = 2
========================================================================
Received Import Request.
  Time since last request: 0.000025 seconds.
  path: Assets/Resources/Objects/Audio/letters/q.mp3
  artifactKey: Guid(93afb65140b4bcf499b03ce639850627) Importer(815301076,1909f56bfc062723c751e8b465ee728b)
Start importing Assets/Resources/Objects/Audio/letters/q.mp3 using Guid(93afb65140b4bcf499b03ce639850627) Importer(815301076,1909f56bfc062723c751e8b465ee728b) [PhysX] Initialized MultithreadedTaskDispatcher with 16 workers.
[PhysX] Initialized MultithreadedTaskDispatcher with 16 workers.
 -> (artifact id: '18a2a8de874d0dd1442daf4e17c4d4a7') in 0.019143 seconds
Number of updated asset objects reloaded before import = 0
Number of asset objects unloaded after import = 2
========================================================================
Received Import Request.
  Time since last request: 0.000015 seconds.
  path: Assets/Resources/Objects/Audio/words/letterQ/quarter.mp3
  artifactKey: Guid(8c3659fdb303dbc46bc4dcba42f6f518) Importer(815301076,1909f56bfc062723c751e8b465ee728b)
Start importing Assets/Resources/Objects/Audio/words/letterQ/quarter.mp3 using Guid(8c3659fdb303dbc46bc4dcba42f6f518) Importer(815301076,1909f56bfc062723c751e8b465ee728b) [PhysX] Initialized MultithreadedTaskDispatcher with 16 workers.
[PhysX] Initialized MultithreadedTaskDispatcher with 16 workers.
 -> (artifact id: '6159e538aceb18b03cf6337e2f6991ba') in 0.017930 seconds
Number of updated asset objects reloaded before import = 0
Number of asset objects unloaded after import = 2
========================================================================
Received Import Request.
  Time since last request: 0.000017 seconds.
  path: Assets/Resources/Objects/Audio/words/letterP/pancakes.mp3
  artifactKey: Guid(47a35a0cb9252db4c9added0a23d97d5) Importer(815301076,1909f56bfc062723c751e8b465ee728b)
Start importing Assets/Resources/Objects/Audio/words/letterP/pancakes.mp3 using Guid(47a35a0cb9252db4c9added0a23d97d5) Importer(815301076,1909f56bfc062723c751e8b465ee728b) [PhysX] Initialized MultithreadedTaskDispatcher with 16 workers.
[PhysX] Initialized MultithreadedTaskDispatcher with 16 workers.
 -> (artifact id: '5a587e02acffce97d7a03fab5b842250') in 0.028908 seconds
Number of updated asset objects reloaded before import = 0
Number of asset objects unloaded after import = 2
========================================================================
Received Import Request.
  Time since last request: 0.000034 seconds.
  path: Assets/Resources/Objects/Audio/words/letterP/plane.mp3
  artifactKey: Guid(3873c4db28c26d743a11b136f370a6a9) Importer(815301076,1909f56bfc062723c751e8b465ee728b)
Start importing Assets/Resources/Objects/Audio/words/letterP/plane.mp3 using Guid(3873c4db28c26d743a11b136f370a6a9) Importer(815301076,1909f56bfc062723c751e8b465ee728b) [PhysX] Initialized MultithreadedTaskDispatcher with 16 workers.
[PhysX] Initialized MultithreadedTaskDispatcher with 16 workers.
 -> (artifact id: '231d2be971c97258c8f8500462c3e2a0') in 0.019519 seconds
Number of updated asset objects reloaded before import = 0
Number of asset objects unloaded after import = 2
========================================================================
Received Import Request.
  Time since last request: 0.000016 seconds.
  path: Assets/Resources/Objects/Audio/words/letterA/apricot.mp3
  artifactKey: Guid(574f37485aee96c4291d48229381bc01) Importer(815301076,1909f56bfc062723c751e8b465ee728b)
Start importing Assets/Resources/Objects/Audio/words/letterA/apricot.mp3 using Guid(574f37485aee96c4291d48229381bc01) Importer(815301076,1909f56bfc062723c751e8b465ee728b) [PhysX] Initialized MultithreadedTaskDispatcher with 16 workers.
[PhysX] Initialized MultithreadedTaskDispatcher with 16 workers.
 -> (artifact id: '632596894b2e0db8d0f2f1bd19acb20d') in 0.020276 seconds
Number of updated asset objects reloaded before import = 0
Number of asset objects unloaded after import = 2
========================================================================
Received Import Request.
  Time since last request: 0.000026 seconds.
  path: Assets/Resources/Objects/Audio/words/letterA/apron.mp3
  artifactKey: Guid(920389fa102543b459c0219aaf29ea55) Importer(815301076,1909f56bfc062723c751e8b465ee728b)
Start importing Assets/Resources/Objects/Audio/words/letterA/apron.mp3 using Guid(920389fa102543b459c0219aaf29ea55) Importer(815301076,1909f56bfc062723c751e8b465ee728b) [PhysX] Initialized MultithreadedTaskDispatcher with 16 workers.
[PhysX] Initialized MultithreadedTaskDispatcher with 16 workers.
 -> (artifact id: 'f0a7caaf37d84aee9163497b68acf8ff') in 0.035131 seconds
Number of updated asset objects reloaded before import = 0
Number of asset objects unloaded after import = 2
========================================================================
Received Import Request.
  Time since last request: 0.000021 seconds.
  path: Assets/Resources/Objects/Audio/letters/b.mp3
  artifactKey: Guid(9f8d8bc27d4c12a4f82117206a6274cb) Importer(815301076,1909f56bfc062723c751e8b465ee728b)
Start importing Assets/Resources/Objects/Audio/letters/b.mp3 using Guid(9f8d8bc27d4c12a4f82117206a6274cb) Importer(815301076,1909f56bfc062723c751e8b465ee728b) [PhysX] Initialized MultithreadedTaskDispatcher with 16 workers.
[PhysX] Initialized MultithreadedTaskDispatcher with 16 workers.
 -> (artifact id: 'def75e55a74555c243d26aa329c9bd35') in 0.025120 seconds
Number of updated asset objects reloaded before import = 0
Number of asset objects unloaded after import = 2
========================================================================
Received Import Request.
  Time since last request: 0.000020 seconds.
  path: Assets/Resources/Objects/Audio/words/letterO/ocean.mp3
  artifactKey: Guid(2eb528c739da8d44a9fb88ee99b690f9) Importer(815301076,1909f56bfc062723c751e8b465ee728b)
Start importing Assets/Resources/Objects/Audio/words/letterO/ocean.mp3 using Guid(2eb528c739da8d44a9fb88ee99b690f9) Importer(815301076,1909f56bfc062723c751e8b465ee728b) [PhysX] Initialized MultithreadedTaskDispatcher with 16 workers.
[PhysX] Initialized MultithreadedTaskDispatcher with 16 workers.
 -> (artifact id: 'e576c62e5cf26e32095d43cbaf93facf') in 0.029845 seconds
Number of updated asset objects reloaded before import = 0
Number of asset objects unloaded after import = 2
========================================================================
Received Import Request.
  Time since last request: 0.000016 seconds.
  path: Assets/Resources/Objects/Audio/words/letterB/banana.mp3
  artifactKey: Guid(b58a7bd0f2c6b3846a1cc324fb36144d) Importer(815301076,1909f56bfc062723c751e8b465ee728b)
Start importing Assets/Resources/Objects/Audio/words/letterB/banana.mp3 using Guid(b58a7bd0f2c6b3846a1cc324fb36144d) Importer(815301076,1909f56bfc062723c751e8b465ee728b) [PhysX] Initialized MultithreadedTaskDispatcher with 16 workers.
[PhysX] Initialized MultithreadedTaskDispatcher with 16 workers.
 -> (artifact id: '4a8f01319478e2d5b997f287fecd34ec') in 0.022466 seconds
Number of updated asset objects reloaded before import = 0
Number of asset objects unloaded after import = 2
========================================================================
Received Import Request.
  Time since last request: 0.000023 seconds.
  path: Assets/Resources/Objects/Audio/words/letterB/book.mp3
  artifactKey: Guid(df14ab0261d57694188c4d4649ecc86c) Importer(815301076,1909f56bfc062723c751e8b465ee728b)
Start importing Assets/Resources/Objects/Audio/words/letterB/book.mp3 using Guid(df14ab0261d57694188c4d4649ecc86c) Importer(815301076,1909f56bfc062723c751e8b465ee728b) [PhysX] Initialized MultithreadedTaskDispatcher with 16 workers.
[PhysX] Initialized MultithreadedTaskDispatcher with 16 workers.
 -> (artifact id: '91391139eb6be4081a5b62013215f81d') in 0.039949 seconds
Number of updated asset objects reloaded before import = 0
Number of asset objects unloaded after import = 2
========================================================================
Received Import Request.
  Time since last request: 0.000017 seconds.
  path: Assets/Resources/Objects/Audio/words/letterB/box.mp3
  artifactKey: Guid(d8bd6127f357be34bb3f8c132ea64ea9) Importer(815301076,1909f56bfc062723c751e8b465ee728b)
Start importing Assets/Resources/Objects/Audio/words/letterB/box.mp3 using Guid(d8bd6127f357be34bb3f8c132ea64ea9) Importer(815301076,1909f56bfc062723c751e8b465ee728b) [PhysX] Initialized MultithreadedTaskDispatcher with 16 workers.
[PhysX] Initialized MultithreadedTaskDispatcher with 16 workers.
 -> (artifact id: '5769d00c174dd1e78ae6e695111cf77e') in 0.019315 seconds
Number of updated asset objects reloaded before import = 0
Number of asset objects unloaded after import = 2
========================================================================
Received Import Request.
  Time since last request: 0.000016 seconds.
  path: Assets/Resources/Objects/Audio/words/letterB/boot.mp3
  artifactKey: Guid(9c5897e471475f74d9aaf264e002acda) Importer(815301076,1909f56bfc062723c751e8b465ee728b)
Start importing Assets/Resources/Objects/Audio/words/letterB/boot.mp3 using Guid(9c5897e471475f74d9aaf264e002acda) Importer(815301076,1909f56bfc062723c751e8b465ee728b) [PhysX] Initialized MultithreadedTaskDispatcher with 16 workers.
[PhysX] Initialized MultithreadedTaskDispatcher with 16 workers.
 -> (artifact id: 'b1b245b96e74d4d8385a27b37a57aba8') in 0.033031 seconds
Number of updated asset objects reloaded before import = 0
Number of asset objects unloaded after import = 2
========================================================================
Received Import Request.
  Time since last request: 0.000020 seconds.
  path: Assets/Resources/Objects/Audio/words/letterC/cake.mp3
  artifactKey: Guid(7ccf2daf26810f24c8093a0d48bfec9a) Importer(815301076,1909f56bfc062723c751e8b465ee728b)
Start importing Assets/Resources/Objects/Audio/words/letterC/cake.mp3 using Guid(7ccf2daf26810f24c8093a0d48bfec9a) Importer(815301076,1909f56bfc062723c751e8b465ee728b) [PhysX] Initialized MultithreadedTaskDispatcher with 16 workers.
[PhysX] Initialized MultithreadedTaskDispatcher with 16 workers.
 -> (artifact id: 'a6f851f443ef6be89f9f58bc9fd1c32d') in 0.016949 seconds
Number of updated asset objects reloaded before import = 0
Number of asset objects unloaded after import = 2
========================================================================
Received Import Request.
  Time since last request: 0.000014 seconds.
  path: Assets/Resources/Objects/Audio/words/letterC/cap.mp3
  artifactKey: Guid(f881e5d664e74494bbe2e8a055936c5c) Importer(815301076,1909f56bfc062723c751e8b465ee728b)
Start importing Assets/Resources/Objects/Audio/words/letterC/cap.mp3 using Guid(f881e5d664e74494bbe2e8a055936c5c) Importer(815301076,1909f56bfc062723c751e8b465ee728b) [PhysX] Initialized MultithreadedTaskDispatcher with 16 workers.
[PhysX] Initialized MultithreadedTaskDispatcher with 16 workers.
 -> (artifact id: 'e5b1d2c70b8b2f07f3ec6069348420b4') in 0.022202 seconds
Number of updated asset objects reloaded before import = 0
Number of asset objects unloaded after import = 2
========================================================================
Received Import Request.
  Time since last request: 0.000015 seconds.
  path: Assets/Resources/Objects/Audio/words/letterC/carrot.mp3
  artifactKey: Guid(449e11bddc229ef469fa819c5d337359) Importer(815301076,1909f56bfc062723c751e8b465ee728b)
Start importing Assets/Resources/Objects/Audio/words/letterC/carrot.mp3 using Guid(449e11bddc229ef469fa819c5d337359) Importer(815301076,1909f56bfc062723c751e8b465ee728b) [PhysX] Initialized MultithreadedTaskDispatcher with 16 workers.
[PhysX] Initialized MultithreadedTaskDispatcher with 16 workers.
 -> (artifact id: '0d4b2662a715acea71a0b88537db96d7') in 0.010619 seconds
Number of updated asset objects reloaded before import = 0
Number of asset objects unloaded after import = 2
========================================================================
Received Import Request.
  Time since last request: 0.000019 seconds.
  path: Assets/Resources/Characters/Audio/d.mp3
  artifactKey: Guid(3f5e4ef2651188b45be721491f7bad77) Importer(815301076,1909f56bfc062723c751e8b465ee728b)
Start importing Assets/Resources/Characters/Audio/d.mp3 using Guid(3f5e4ef2651188b45be721491f7bad77) Importer(815301076,1909f56bfc062723c751e8b465ee728b) [PhysX] Initialized MultithreadedTaskDispatcher with 16 workers.
[PhysX] Initialized MultithreadedTaskDispatcher with 16 workers.
 -> (artifact id: '73beb516a7ca8fed219baf1db596dcca') in 0.033419 seconds
Number of updated asset objects reloaded before import = 0
Number of asset objects unloaded after import = 2
========================================================================
Received Import Request.
  Time since last request: 0.000023 seconds.
  path: Assets/Resources/Objects/Audio/words/letterD/doll.mp3
  artifactKey: Guid(8313c895e14717b4d9e561150159534d) Importer(815301076,1909f56bfc062723c751e8b465ee728b)
Start importing Assets/Resources/Objects/Audio/words/letterD/doll.mp3 using Guid(8313c895e14717b4d9e561150159534d) Importer(815301076,1909f56bfc062723c751e8b465ee728b) [PhysX] Initialized MultithreadedTaskDispatcher with 16 workers.
[PhysX] Initialized MultithreadedTaskDispatcher with 16 workers.
 -> (artifact id: '478e164860968b137dd5d85556aa459c') in 0.105668 seconds
Number of updated asset objects reloaded before import = 0
Number of asset objects unloaded after import = 2
========================================================================
Received Import Request.
  Time since last request: 0.000015 seconds.
  path: Assets/Resources/Objects/Audio/words/letterB/bee.mp3
  artifactKey: Guid(5366edf242afb5e4ab438246df7f1b1e) Importer(815301076,1909f56bfc062723c751e8b465ee728b)
Start importing Assets/Resources/Objects/Audio/words/letterB/bee.mp3 using Guid(5366edf242afb5e4ab438246df7f1b1e) Importer(815301076,1909f56bfc062723c751e8b465ee728b) [PhysX] Initialized MultithreadedTaskDispatcher with 16 workers.
[PhysX] Initialized MultithreadedTaskDispatcher with 16 workers.
 -> (artifact id: '396173ca7ebf9bcf5a935a475f10aaf9') in 0.019675 seconds
Number of updated asset objects reloaded before import = 0
Number of asset objects unloaded after import = 2
========================================================================
Received Import Request.
  Time since last request: 0.000016 seconds.
  path: Assets/Resources/Objects/Audio/words/letterC/cup.mp3
  artifactKey: Guid(0988c1e9e8b8263498a20864679c94a4) Importer(815301076,1909f56bfc062723c751e8b465ee728b)
Start importing Assets/Resources/Objects/Audio/words/letterC/cup.mp3 using Guid(0988c1e9e8b8263498a20864679c94a4) Importer(815301076,1909f56bfc062723c751e8b465ee728b) [PhysX] Initialized MultithreadedTaskDispatcher with 16 workers.
[PhysX] Initialized MultithreadedTaskDispatcher with 16 workers.
 -> (artifact id: '236c32c358f610ae2ea0ed76dc628949') in 0.022821 seconds
Number of updated asset objects reloaded before import = 0
Number of asset objects unloaded after import = 2
========================================================================
Received Import Request.
  Time since last request: 0.000014 seconds.
  path: Assets/Resources/Objects/Audio/words/letterB/bell.mp3
  artifactKey: Guid(776db8e08eadf11479fdbe7cacd19e64) Importer(815301076,1909f56bfc062723c751e8b465ee728b)
Start importing Assets/Resources/Objects/Audio/words/letterB/bell.mp3 using Guid(776db8e08eadf11479fdbe7cacd19e64) Importer(815301076,1909f56bfc062723c751e8b465ee728b) [PhysX] Initialized MultithreadedTaskDispatcher with 16 workers.
[PhysX] Initialized MultithreadedTaskDispatcher with 16 workers.
 -> (artifact id: '76c984a923d338dbef5bc3031ada4d9e') in 0.043931 seconds
Number of updated asset objects reloaded before import = 0
Number of asset objects unloaded after import = 2
========================================================================
Received Import Request.
  Time since last request: 0.000019 seconds.
  path: Assets/Resources/Objects/Audio/words/letterD/door.mp3
  artifactKey: Guid(a8c1fc221763a6f4ca663f47ae1c178f) Importer(815301076,1909f56bfc062723c751e8b465ee728b)
Start importing Assets/Resources/Objects/Audio/words/letterD/door.mp3 using Guid(a8c1fc221763a6f4ca663f47ae1c178f) Importer(815301076,1909f56bfc062723c751e8b465ee728b) [PhysX] Initialized MultithreadedTaskDispatcher with 16 workers.
[PhysX] Initialized MultithreadedTaskDispatcher with 16 workers.
 -> (artifact id: '35f33c6923cec3c6c44ea49d772c9c20') in 0.020826 seconds
Number of updated asset objects reloaded before import = 0
Number of asset objects unloaded after import = 2
========================================================================
Received Import Request.
  Time since last request: 0.000026 seconds.
  path: Assets/Resources/Objects/Audio/words/letterD/dinosaur.mp3
  artifactKey: Guid(cebb91119a3b49d488df0afdf506e7bc) Importer(815301076,1909f56bfc062723c751e8b465ee728b)
Start importing Assets/Resources/Objects/Audio/words/letterD/dinosaur.mp3 using Guid(cebb91119a3b49d488df0afdf506e7bc) Importer(815301076,1909f56bfc062723c751e8b465ee728b) [PhysX] Initialized MultithreadedTaskDispatcher with 16 workers.
[PhysX] Initialized MultithreadedTaskDispatcher with 16 workers.
 -> (artifact id: '6c197eda485f11b01cc8a3a957178f73') in 0.021096 seconds
Number of updated asset objects reloaded before import = 0
Number of asset objects unloaded after import = 2
========================================================================
Received Import Request.
  Time since last request: 0.000014 seconds.
  path: Assets/Resources/Objects/Audio/words/letterC/cookie.mp3
  artifactKey: Guid(0ce64e77c7b5d554f9fd303b0937e2e4) Importer(815301076,1909f56bfc062723c751e8b465ee728b)
Start importing Assets/Resources/Objects/Audio/words/letterC/cookie.mp3 using Guid(0ce64e77c7b5d554f9fd303b0937e2e4) Importer(815301076,1909f56bfc062723c751e8b465ee728b) [PhysX] Initialized MultithreadedTaskDispatcher with 16 workers.
[PhysX] Initialized MultithreadedTaskDispatcher with 16 workers.
 -> (artifact id: 'dabd4e75b8848393aa0ee51f95a46aef') in 0.036317 seconds
Number of updated asset objects reloaded before import = 0
Number of asset objects unloaded after import = 2
========================================================================
Received Import Request.
  Time since last request: 0.000020 seconds.
  path: Assets/Resources/Characters/Audio/p.mp3
  artifactKey: Guid(fb1dd7abffa360a49a87e0d25322df19) Importer(815301076,1909f56bfc062723c751e8b465ee728b)
Start importing Assets/Resources/Characters/Audio/p.mp3 using Guid(fb1dd7abffa360a49a87e0d25322df19) Importer(815301076,1909f56bfc062723c751e8b465ee728b) [PhysX] Initialized MultithreadedTaskDispatcher with 16 workers.
[PhysX] Initialized MultithreadedTaskDispatcher with 16 workers.
 -> (artifact id: '2decad29bf7b8c8ad8444e862a700997') in 0.038327 seconds
Number of updated asset objects reloaded before import = 0
Number of asset objects unloaded after import = 2
========================================================================
Received Prepare
Caller must complete domain reload
Begin MonoManager ReloadAssembly
- Loaded All Assemblies, in  0.308 seconds
Native extension for UWP target not found
Native extension for WindowsStandalone target not found
Native extension for iOS target not found
Native extension for Android target not found
Native extension for WebGL target not found
[Package Manager] Server::EnsureServerProcessIsRunning -- launch failed, reason: Unity was launched with the -noUpm command-line argument
[Package Manager] UpmClient::Send -- Unable to send message (not connected to UPM process).
[Package Manager] Cannot connect to Unity Package Manager local server
Mono: successfully reloaded assembly
- Finished resetting the current domain, in  0.600 seconds
Domain Reload Profiling: 908ms
	BeginReloadAssembly (130ms)
		ExecutionOrderSort (0ms)
		DisableScriptedObjects (4ms)
		BackupInstance (0ms)
		ReleaseScriptingObjects (0ms)
		CreateAndSetChildDomain (26ms)
	RebuildCommonClasses (30ms)
	RebuildNativeTypeToScriptingClass (9ms)
	initialDomainReloadingComplete (21ms)
	LoadAllAssembliesAndSetupDomain (117ms)
		LoadAssemblies (187ms)
		RebuildTransferFunctionScriptingTraits (0ms)
		AnalyzeDomain (8ms)
			TypeCache.Refresh (4ms)
				TypeCache.ScanAssembly (0ms)
			ScanForSourceGeneratedMonoScriptInfo (0ms)
			ResolveRequiredComponents (3ms)
	FinalizeReload (600ms)
		ReleaseScriptCaches (0ms)
		RebuildScriptCaches (0ms)
		SetupLoadedEditorAssemblies (335ms)
			LogAssemblyErrors (0ms)
			InitializePlatformSupportModulesInManaged (28ms)
			SetLoadedEditorAssemblies (2ms)
			RefreshPlugins (0ms)
			BeforeProcessingInitializeOnLoad (37ms)
			ProcessInitializeOnLoadAttributes (223ms)
			ProcessInitializeOnLoadMethodAttributes (42ms)
			AfterProcessingInitializeOnLoad (2ms)
			EditorAssembliesLoaded (0ms)
		ExecutionOrderSort2 (0ms)
		AwakeInstancesAfterBackupRestoration (6ms)
Refreshing native plugins compatible for Editor in 1.94 ms, found 2 plugins.
Preloading 0 native plugins for Editor in 0.00 ms.
Unloading 1558 Unused Serialized files (Serialized files now loaded: 0)
Unloading 9 unused Assets / (25.9 KB). Loaded Objects now: 2353.
Memory consumption went from 160.3 MB to 160.2 MB.
Total: 2.736300 ms (FindLiveObjects: 0.137900 ms CreateObjectMapping: 0.048500 ms MarkObjects: 2.517400 ms  DeleteObjects: 0.031800 ms)

Prepare: number of updated asset objects reloaded= 0
AssetImportParameters requested are different than current active one (requested -> active):
  custom:video-decoder-webm-vp8: 9c59270c3fd7afecdb556c50c9e8de78 -> 
  custom:SearchIndexIgnoredProperties: e643bd26f0fe6173181afceb89e7c659 -> 
  custom:container-demuxer-ogg: 62fdf1f143b41e24485cea50d1cbac27 -> 
  custom:AudioImporter_EditorPlatform: d09bf68614088b80899f8185d706f6e7 -> 
  custom:video-codec-MediaFoundation-h265: e54d7ab0439102e2317fc1e4b246158d -> 
  custom:video-decoder-ogg-theora: a1e56fd34408186e4bbccfd4996cb3dc -> 
  custom:framework-win-MediaFoundation: 216162199b28c13a410421893ffa2e32 -> 
  custom:video-encoder-webm-vp8: eb34c28f22e8b96e1ab97ce403110664 -> 
  custom:audio-decoder-ogg-vorbis: bf7c407c2cedff20999df2af8eb42d56 -> 
  custom:CustomObjectIndexerAttribute: 9a22284fe3817be447336de3de66b15e -> 
  custom:container-demuxer-webm: 4f35f7cbe854078d1ac9338744f61a02 -> 
  custom:audio-encoder-webm-vorbis: bf7c407c2cedff20999df2af8eb42d56 -> 
  custom:scripting/precompiled-assembly-types:Assembly-CSharp: b4b2ebd6c4d4e709071e680d1322e6de -> 05e29247fd5b4226f5a595ebc8235478
  custom:container-muxer-webm: aa71ff27fc2769a1b78a27578f13a17b -> 
